Pekerjaan,Jenis Pinjaman,Plafon (Rp.),Kondisi Joint Income,Kondisi Pisah Harta,Usia,Hasil IDEB SLIK OJK,Tujuan Pemilikan Properti,Lama bekerja,Penghasilan,BIR,Rata2 Saldo 3 Bulan Terakhir,Pencerminan Gaji di R/K atau SPT,Jangka Waktu Kredit,Down Payment ,Asset lainnya yang dimiliki,Bidang Usaha,Ukuran Perusahaan,Kondisi Sertifikat Agunan Utama,Jenis Bangunan Utama,Kondisi Properti Utama,Keputusan,Kelayakan Dokumen Pendukung,Keputusan Akhir
KARYAWAN,"PEMBELIAN BEKAS / SECONDARY, RUMAH TINGGAL","Plafon (< 514,750,000)",TIDAK JOINT INCOME,TIDAK PISAH HARTA,21 - 35,Data Tidak Tersedia,Rumah Tinggal (Rumah ke 1),"≥ 2, < 5",SINGLE : ≥RP 10 JUTA,>= 15%,≥ 3X ANGSURAN,≥ 70% DARI GAJI,> 120 BULAN,>= 15%,DEPOSITO/INVES/EMAS ≥ LIMIT KREDIT,"Keuangan, asuransi, perbankan",Cakupan area : nasional,"SHM, SERTIPIKAT PECAH",Rumah Tinggal,READY STOK,GREEN,LAYAK,Diterima
PENGUSAHA,"PEMBELIAN BEKAS / SECONDARY, RUMAH TINGGAL","Plafon (> 1,340,960,436)",TIDAK JOINT INCOME,PISAH HARTA,36 - 45,"Kol 1, Tidak pernah menunggak",Rumah Tinggal (Rumah ke 1),≥ 5,MENIKAH : ≥RP 20 JUTA,>= 15%,"≥ 1X ANGSURAN, < 3X ANGSURAN",≥ 100% DARI OMSET,≤ 60 BULAN,>= 15%,DEPOSITO/INVES/EMAS ≥ LIMIT KREDIT,Lainnya,Cakupan area : nasional,"SHM, SERTIPIKAT PECAH",Rumah Tinggal,READY STOK,GREEN,LAYAK,Diterima
KARYAWAN,"TAKE OVER + TOP UP KPR, RUMAH TINGGAL","Plafon (> 1,340,960,436)",JOINT INCOME,TIDAK PISAH HARTA,46 - 55,"Kol 1, Tidak pernah menunggak",Rumah Tinggal (Rumah ke 1),≥ 5,MENIKAH : ≥RP 20 JUTA,>= 15%,≥ 3X ANGSURAN,≥ 100% DARI GAJI,"> 60 BULAN, ≤ 120 BULAN",>= 15%,PROPERTI/KENDARAAN ≥ LIMIT KREDIT,KLINIK AKUPUNTIR,CAKUPAN AREA : LOKAL,"SHM, SERTIPIKAT PECAH",Rumah Tinggal,SEDANG DIHUNI,GREEN,LAYAK,Diterima
PENGUSAHA,"PEMBELIAN BEKAS / SECONDARY, RUMAH TINGGAL","Plafon (894,632,536 - 1,340,960,436)",JOINT INCOME,TIDAK PISAH HARTA,36 - 45,"Kol 1, Tidak pernah menunggak",RUMAH TINGGAL (RUMAH KE 2/3),≥ 5,MENIKAH : ≥RP 20 JUTA,>= 15%,≥ 3X ANGSURAN,≥ 100% DARI OMSET,"> 60 BULAN, ≤ 120 BULAN",>= 15%,PROPERTI/KENDARAAN < 100% LIMIT KREDIT,PERDAGANGAN,CAKUPAN AREA : LOKAL,"SHM, SERTIPIKAT PECAH",RUKO/RUKAN,READY STOK,GREEN,LAYAK,Diterima
KARYAWAN,"PEMBELIAN BEKAS / SECONDARY, RUMAH TINGGAL","Plafon (< 514,750,000)",JOINT INCOME,TIDAK PISAH HARTA,21 - 35,Data Tidak Tersedia,Rumah Tinggal (Rumah ke 1),"≥ 2, < 5","SINGLE : ≥RP 6 JUTA, < RP. 10 JUTA",>= 15%,≥ 3X ANGSURAN,< 50% DARI GAJI,≤ 60 BULAN,>= 15%,KAS DAN NON KAS ≥ LIMIT KREDIT,COLOUR SALON,CAKUPAN AREA : LOKAL,"SHGB, SERTIPIKAT PECAH",Rumah Tinggal,SEDANG DIHUNI,YELLOW,LAYAK,Diterima
PENGUSAHA,"PEMBELIAN BEKAS / SECONDARY, RUMAH TINGGAL","Plafon (< 514,750,000)",JOINT INCOME,TIDAK PISAH HARTA,36 - 45,"KOL 1, PERNAH KOL 2",Rumah Tinggal (Rumah ke 1),≥ 5,MENIKAH : ≥RP 20 JUTA,>= 15%,≥ 3X ANGSURAN,≥ 100% DARI OMSET,"> 60 BULAN, ≤ 120 BULAN",>= 15%,KAS DAN NON KAS ≥ LIMIT KREDIT,JASA SEWA SCAFFOLDING,CAKUPAN AREA : LOKAL,"SHM, SERTIPIKAT PECAH",Rumah Tinggal,SEDANG DIHUNI,GREEN,LAYAK,Diterima
KARYAWAN,"PEMBELIAN BEKAS / SECONDARY, RUMAH TINGGAL","Plafon (> 1,340,960,436)",TIDAK JOINT INCOME,TIDAK PISAH HARTA,21 - 35,"Kol 1, Tidak pernah menunggak",RUMAH TINGGAL (RUMAH KE 2/3),≥ 5,MENIKAH : ≥RP 20 JUTA,>= 15%,"≥ 1X ANGSURAN, < 3X ANGSURAN",≥ 100% DARI GAJI,> 120 BULAN,>= 15%,null < 50% plafon,PERTAMBANGAN,Cakupan area : nasional,"SHM, SERTIPIKAT PECAH",Rumah Tinggal,READY STOK,GREEN,LAYAK,Diterima
KARYAWAN,"PEMBELIAN BEKAS / SECONDARY, RUMAH TINGGAL","Plafon (< 514,750,000)",JOINT INCOME,TIDAK PISAH HARTA,21 - 35,Data Tidak Tersedia,Rumah Tinggal (Rumah ke 1),"≥ 2, < 5","SINGLE : ≥RP 6 JUTA, < RP. 10 JUTA",>= 15%,≥ 3X ANGSURAN,< 50% DARI GAJI,> 120 BULAN,>= 15%,KAS DAN NON KAS < 100% LIMIT KREDIT,ASS MANAGER PT. SEKAWAN CHANDRA ABADI,CAKUPAN AREA : LOKAL,"SHM, SERTIPIKAT PECAH",Rumah Tinggal,READY STOK,YELLOW,LAYAK,Diterima
PENGUSAHA,"PEMBELIAN BEKAS / SECONDARY, RUMAH TINGGAL","Plafon (514,750,000 - 894,632,536)",JOINT INCOME,TIDAK PISAH HARTA,21 - 35,"Kol 1, Tidak pernah menunggak",Rumah Tinggal (Rumah ke 1),"≥ 2, < 5",MENIKAH : ≥RP 20 JUTA,>= 15%,"≥ 1X ANGSURAN, < 3X ANGSURAN",≥ 100% DARI OMSET,> 120 BULAN,>= 15%,null < 50% plafon,SEMBAKO,Cakupan area : nasional,"SHM, SERTIPIKAT PECAH",Rumah Tinggal,READY STOK,GREEN,LAYAK,Diterima
KARYAWAN,"PEMBELIAN BEKAS / SECONDARY, RUMAH TINGGAL","Plafon (< 514,750,000)",TIDAK JOINT INCOME,TIDAK PISAH HARTA,36 - 45,"Kol 1, Tidak pernah menunggak",RUMAH TINGGAL (RUMAH KE 2/3),≥ 5,MENIKAH : ≥RP 20 JUTA,>= 15%,≥ 3X ANGSURAN,≥ 100% DARI GAJI,"> 60 BULAN, ≤ 120 BULAN",>= 15%,PROPERTI/KENDARAAN ≥ LIMIT KREDIT,MANUFAKTUR PERALATAN GELAS/KACA PERALATAN MEDIS,CAKUPAN AREA : LOKAL,"SHGB, SERTIPIKAT PECAH",Rumah Tinggal,SEDANG DIHUNI,GREEN,LAYAK,Diterima
PENGUSAHA,"Pembelian Baru / Primary, Ruko / Rukan","Plafon (894,632,536 - 1,340,960,436)",JOINT INCOME,TIDAK PISAH HARTA,36 - 45,"Kol 1, Pernah Kol 2 (sampai dengan 30 hari, tidak lebih dari 2 kali) dalam 1 tahun terakhir",RUMAH TINGGAL (RUMAH KE 2/3),≥ 5,MENIKAH : ≥RP 20 JUTA,>= 15%,≥ 3X ANGSURAN,≥ 100% DARI OMSET,> 120 BULAN,>= 15%,Properti/kendaraan >= plafon,KONTRAKTOR/KONSULTAN/ARSITEK,Cakupan area : nasional,MOU - Sertipikat Induk,RUKO/RUKAN,Indent,GREEN,TIDAK,Ditolak
KARYAWAN,"Pembelian Baru / Primary, Rumah Tinggal Tipe 22 - 70","Plafon (514,750,000 - 894,632,536)",TIDAK JOINT INCOME,TIDAK PISAH HARTA,21 - 35,"Kol 1, Tidak pernah menunggak",RUMAH TINGGAL (RUMAH KE 2/3),≥ 5,SINGLE : ≥RP 10 JUTA,< 15%,< 1x angsuran,≥ 100% DARI GAJI,> 120 BULAN,< 15%,null < 50% plafon,"Farmasi, kosmetik dan alat kedokteran",Multinasional,MOU - Sertipikat Induk,Rumah Tinggal,Indent,RED,TIDAK,Ditolak
PENGUSAHA,"Pembelian Baru / Primary, Rumah Tinggal Tipe 22 - 70","Plafon (> 1,340,960,436)",TIDAK JOINT INCOME,TIDAK PISAH HARTA,21 - 35,"Kol 1, Pernah Kol 2 (tidak lebih dari 30 hari) dalam 1 tahun terakhir",Rumah Tinggal (Rumah ke 1),"≥ 2, < 5",MENIKAH : ≥RP 20 JUTA,>= 15%,≥ 3X ANGSURAN,≥ 70% DARI OMSET,> 120 BULAN,< 15%,null < 50% plafon,Lainnya,CAKUPAN AREA : LOKAL,MOU - Sertipikat Induk,Rumah Tinggal,Indent,GREEN,TIDAK,Ditolak
KARYAWAN,"Pembelian Baru / Primary, Apartemen Tipe 22 - 70","Plafon (< 514,750,000)",TIDAK JOINT INCOME,TIDAK PISAH HARTA,46 - 55,"Kol 3, 4 atau 5",Rumah Tinggal (Rumah ke 1),"≥ 2, < 5",MENIKAH : ≥RP 10 JUTA,< 15%,≥ 3X ANGSURAN,≥ 100% DARI GAJI,> 120 BULAN,>= 15%,Properti/kendaraan >= plafon,Lainnya,CAKUPAN AREA : LOKAL,MOU - Sertipikat Induk,Apartemen,Sedang dibangun,RED,TIDAK,Ditolak
KARYAWAN,"Pembelian Baru / Primary, Apartemen Tipe 22 - 70","Plafon (514,750,000 - 894,632,536)",TIDAK JOINT INCOME,TIDAK PISAH HARTA,21 - 35,"Kol 1, Tidak pernah menunggak",Rumah Tinggal (Rumah ke 1),"≥ 2, < 5",SINGLE : ≥RP 10 JUTA,>= 15%,< 1x angsuran,≥ 100% DARI GAJI,> 120 BULAN,< 15%,Properti/kendaraan < 50% plafon,Lainnya,CAKUPAN AREA : LOKAL,MOU - Sertipikat Induk,Apartemen,Sedang dibangun,YELLOW,LAYAK,Ditolak
KARYAWAN,"Pembelian Baru / Primary, Rumah Tinggal Tipe 22 - 70","Plafon (> 1,340,960,436)",TIDAK JOINT INCOME,TIDAK PISAH HARTA,21 - 35,"Kol 1, Tidak pernah menunggak",Rumah Tinggal (Rumah ke 1),≥ 5,SINGLE : ≥RP 20 JUTA,>= 15%,"≥ 1X ANGSURAN, < 3X ANGSURAN",≥ 100% DARI GAJI,> 120 BULAN,>= 15%,Properti/kendaraan < 50% plafon,Lainnya,Multinasional,MOU - Sertipikat Induk,Rumah Tinggal,Sedang dibangun,GREEN,LAYAK,Ditolak
KARYAWAN,"Pembelian Baru / Primary, Apartemen Tipe 22 - 70","Plafon (< 514,750,000)",TIDAK JOINT INCOME,TIDAK PISAH HARTA,36 - 45,"Kol 1, Tidak pernah menunggak",Rumah Tinggal (Rumah ke 1),≥ 5,MENIKAH : ≥RP 20 JUTA,>= 15%,< 1x angsuran,≥ 100% DARI GAJI,"> 60 BULAN, ≤ 120 BULAN",>= 15%,null < 50% plafon,Transportasi dan otomotif,Cakupan area : nasional,MOU - Sertipikat Induk,Apartemen,Sedang dibangun,GREEN,TIDAK,Ditolak
PENGUSAHA,"Pembelian Baru / Primary, Apartemen Tipe 22 - 70","Plafon (514,750,000 - 894,632,536)",TIDAK JOINT INCOME,TIDAK PISAH HARTA,21 - 35,"Kol 1, Pernah Kol 2 (sampai dengan 30 hari, tidak lebih dari 2 kali) dalam 1 tahun terakhir",Rumah Tinggal (Rumah ke 1),≥ 5,MENIKAH : ≥RP 20 JUTA,>= 15%,≥ 3X ANGSURAN,≥ 100% DARI OMSET,> 120 BULAN,>= 15%,Properti/kendaraan < 50% plafon,KONTRAKTOR/KONSULTAN/ARSITEK,CAKUPAN AREA : LOKAL,MOU - Sertipikat Induk,Apartemen,Sedang dibangun,GREEN,TIDAK,Ditolak
PENGUSAHA,"Pembelian Baru / Primary, Apartemen Tipe 22 - 70","Plafon (< 514,750,000)",TIDAK JOINT INCOME,TIDAK PISAH HARTA,46 - 55,Data Tidak Tersedia,Rumah Tinggal (Rumah ke 1),"≥ 2, < 5",MENIKAH : ≥RP 20 JUTA,>= 15%,≥ 3X ANGSURAN,≥ 100% DARI OMSET,> 120 BULAN,< 15%,null < 50% plafon,Perdagangan / distribusi / eksport-import kebutuhan pokok,CAKUPAN AREA : LOKAL,MOU - Sertipikat Induk,Apartemen,Indent,GREEN,TIDAK,Ditolak
KARYAWAN,"Pembelian Baru / Primary, Apartemen Tipe 22 - 70","Plafon (< 514,750,000)",TIDAK JOINT INCOME,TIDAK PISAH HARTA,21 - 35,"Kol 1, Pernah Kol 2 (sampai dengan 30 hari, lebih dari 2 kali) dalam 1 tahun terakhir",Rumah Tinggal (Rumah ke 1),"≥ 2, < 5",SINGLE : ≥RP 20 JUTA,>= 15%,≥ 3X ANGSURAN,≥ 100% DARI GAJI,"> 60 BULAN, ≤ 120 BULAN",>= 15%,Properti/kendaraan >= plafon,Lainnya,CAKUPAN AREA : LOKAL,MOU - Sertipikat Induk,Apartemen,Sedang dibangun,YELLOW,TIDAK,Ditolak
KARYAWAN,"Pembelian Baru / Primary, Apartemen Tipe 22 - 70","Plafon (894,632,536 - 1,340,960,436)",TIDAK JOINT INCOME,TIDAK PISAH HARTA,21 - 35,Data Tidak Tersedia,Rumah Tinggal (Rumah ke 1),"≥ 2, < 5",SINGLE : ≥RP 20 JUTA,>= 15%,≥ 3X ANGSURAN,≥ 100% DARI GAJI,> 120 BULAN,< 15%,null < 50% plafon,Lainnya,Cakupan area : nasional,MOU - Sertipikat Induk,Apartemen,Sedang dibangun,GREEN,TIDAK,Ditolak
PENGUSAHA,"Pembelian Baru / Primary, Rumah Tinggal > Tipe 70","Plafon (894,632,536 - 1,340,960,436)",TIDAK JOINT INCOME,TIDAK PISAH HARTA,21 - 35,"Kol 1, Tidak pernah menunggak",Rumah Tinggal (Rumah ke 1),"≥ 2, < 5",MENIKAH : ≥RP 20 JUTA,>= 15%,"≥ 1X ANGSURAN, < 3X ANGSURAN",≥ 70% DARI OMSET,> 120 BULAN,>= 15%,null < 50% plafon,Lainnya,CAKUPAN AREA : LOKAL,MOU - Sertipikat Induk,Rumah Tinggal,Indent,GREEN,TIDAK,Ditolak
PENGUSAHA,"Pembelian Baru / Primary, Rumah Tinggal > Tipe 70","Plafon (514,750,000 - 894,632,536)",TIDAK JOINT INCOME,TIDAK PISAH HARTA,36 - 45,"Kol 1, Pernah Kol 3, 4 atau 5",Rumah Tinggal (Rumah ke 1),"≥ 2, < 5",MENIKAH : ≥RP 20 JUTA,>= 15%,"≥ 1X ANGSURAN, < 3X ANGSURAN",≥ 70% DARI OMSET,"> 60 BULAN, ≤ 120 BULAN",>= 15%,Properti/kendaraan >= plafon,Lainnya,CAKUPAN AREA : LOKAL,MOU - Sertipikat Induk,Rumah Tinggal,Indent,RED,TIDAK,Ditolak
KARYAWAN,"Pembelian Baru / Primary, Rumah Tinggal > Tipe 70","Plafon (894,632,536 - 1,340,960,436)",TIDAK JOINT INCOME,TIDAK PISAH HARTA,21 - 35,"Kol 1, Tidak pernah menunggak",Rumah Tinggal (Rumah ke 1),"≥ 2, < 5",SINGLE : ≥RP 20 JUTA,>= 15%,≥ 3X ANGSURAN,≥ 100% DARI GAJI,> 120 BULAN,< 15%,null < 50% plafon,Lainnya,CAKUPAN AREA : LOKAL,MOU - Sertipikat Induk,Rumah Tinggal,Indent,GREEN,TIDAK,Ditolak
KARYAWAN,"Pembelian Baru / Primary, Apartemen Tipe 22 - 70","Plafon (514,750,000 - 894,632,536)",TIDAK JOINT INCOME,TIDAK PISAH HARTA,46 - 55,"Kol 1, Pernah Kol 2 (sampai dengan 30 hari, lebih dari 2 kali) dalam 1 tahun terakhir",Rumah Tinggal (Rumah ke 1),≥ 5,MENIKAH : ≥RP 20 JUTA,>= 15%,≥ 3X ANGSURAN,≥ 100% DARI GAJI,"> 60 BULAN, ≤ 120 BULAN",>= 15%,null < 50% plafon,"Keuangan, asuransi, perbankan",Cakupan area : nasional,MOU - Sertipikat Induk,Apartemen,Sedang dibangun,YELLOW,TIDAK,Ditolak
KARYAWAN,"Pembelian Baru / Primary, Apartemen Tipe 22 - 70","Plafon (514,750,000 - 894,632,536)",TIDAK JOINT INCOME,TIDAK PISAH HARTA,21 - 35,"Kol 1, Tidak pernah menunggak",Rumah Tinggal (Rumah ke 1),≥ 5,SINGLE : ≥RP 20 JUTA,>= 15%,≥ 3X ANGSURAN,≥ 100% DARI GAJI,"> 60 BULAN, ≤ 120 BULAN",>= 15%,50% plafon <= Properti/kendaraan<= 100% plafon,Trading tekstil dan garmen,Cakupan area : nasional,MOU - Sertipikat Induk,Apartemen,Sedang dibangun,GREEN,TIDAK,Ditolak
KARYAWAN,"Pembelian Baru / Primary, Rumah Tinggal Tipe 22 - 70","Plafon (894,632,536 - 1,340,960,436)",TIDAK JOINT INCOME,TIDAK PISAH HARTA,21 - 35,"Kol 1, Pernah Kol 2 (sampai dengan 30 hari, lebih dari 2 kali) dalam 1 tahun terakhir",Rumah Tinggal (Rumah ke 1),"≥ 2, < 5",SINGLE : ≥RP 20 JUTA,>= 15%,≥ 3X ANGSURAN,≥ 100% DARI GAJI,> 120 BULAN,>= 15%,null < 50% plafon,Lainnya,Multinasional,MOU - Sertipikat Induk,Rumah Tinggal,Indent,YELLOW,TIDAK,Ditolak
KARYAWAN,"Pembelian Baru / Primary, Rumah Tinggal > Tipe 70","Plafon (> 1,340,960,436)",TIDAK JOINT INCOME,TIDAK PISAH HARTA,21 - 35,"Kol 1, Tidak pernah menunggak",Rumah Tinggal (Rumah ke 1),≥ 5,SINGLE : ≥RP 20 JUTA,>= 15%,≥ 3X ANGSURAN,≥ 100% DARI GAJI,> 120 BULAN,< 15%,Properti/kendaraan < 50% plafon,Lainnya,Cakupan area : nasional,MOU - Sertipikat Induk,Rumah Tinggal,Indent,GREEN,TIDAK,Ditolak
PENGUSAHA,"Pembelian Baru / Primary, Apartemen Tipe 22 - 70","Plafon (514,750,000 - 894,632,536)",TIDAK JOINT INCOME,TIDAK PISAH HARTA,36 - 45,"Kol 1, Tidak pernah menunggak",Rumah Tinggal (Rumah ke 1),≥ 5,SINGLE : ≥RP 10 JUTA,>= 15%,≥ 3X ANGSURAN,≥ 70% DARI OMSET,> 120 BULAN,>= 15%,Properti/kendaraan >= plafon,Lainnya,Cakupan area : nasional,MOU - Sertipikat Induk,Apartemen,Indent,GREEN,TIDAK,Ditolak
KARYAWAN,"Pembelian Baru / Primary, Apartemen Tipe 22 - 70","Plafon (< 514,750,000)",TIDAK JOINT INCOME,TIDAK PISAH HARTA,36 - 45,"Kol 1, Tidak pernah menunggak",Investasi,≥ 5,MENIKAH : ≥RP 20 JUTA,>= 15%,≥ 3X ANGSURAN,≥ 100% DARI GAJI,> 120 BULAN,>= 15%,Properti/kendaraan >= plafon,Lainnya,CAKUPAN AREA : LOKAL,MOU - Sertipikat Induk,Apartemen,Sedang dibangun,GREEN,TIDAK,Ditolak
KARYAWAN,"Pembelian Baru / Primary, Apartemen Tipe 22 - 70","Plafon (< 514,750,000)",TIDAK JOINT INCOME,TIDAK PISAH HARTA,46 - 55,"Kol 1, Tidak pernah menunggak",Rumah Tinggal (Rumah ke 1),"≥ 2, < 5",MENIKAH : ≥RP 10 JUTA,>= 15%,≥ 3X ANGSURAN,≥ 100% DARI GAJI,"> 60 BULAN, ≤ 120 BULAN",>= 15%,Properti/kendaraan >= plafon,Pelayanan kesehatan,Cakupan area : nasional,MOU - Sertipikat Induk,Apartemen,Sedang dibangun,YELLOW,TIDAK,Ditolak
KARYAWAN,"Pembelian Baru / Primary, Rumah Tinggal Tipe 22 - 70","Plafon (894,632,536 - 1,340,960,436)",TIDAK JOINT INCOME,TIDAK PISAH HARTA,21 - 35,"Kol 1, Tidak pernah menunggak",Rumah Tinggal (Rumah ke 1),"≥ 2, < 5",SINGLE : ≥RP 20 JUTA,>= 15%,≥ 3X ANGSURAN,≥ 100% DARI GAJI,> 120 BULAN,< 15%,null < 50% plafon,Lainnya,Multinasional,MOU - Sertipikat Induk,Rumah Tinggal,Indent,YELLOW,TIDAK,Ditolak
PENGUSAHA,"Pembelian Baru / Primary, Rumah Tinggal > Tipe 70","Plafon (> 1,340,960,436)",JOINT INCOME,TIDAK PISAH HARTA,46 - 55,"Kol 1, Pernah Kol 3, 4 atau 5",Rumah Tinggal (Rumah ke 1),≥ 5,MENIKAH : ≥RP 20 JUTA,>= 15%,≥ 3X ANGSURAN,≥ 100% DARI OMSET,> 120 BULAN,>= 15%,null < 50% plafon,Lainnya,CAKUPAN AREA : LOKAL,MOU - Sertipikat Induk,Rumah Tinggal,Sedang dibangun,GREEN,TIDAK,Ditolak
PENGUSAHA,"Pembelian Baru / Primary, Rumah Tinggal > Tipe 70","Plafon (> 1,340,960,436)",TIDAK JOINT INCOME,TIDAK PISAH HARTA,21 - 35,"Kol 1, Tidak pernah menunggak",Rumah Tinggal (Rumah ke 1),≥ 5,SINGLE : ≥RP 20 JUTA,>= 15%,"≥ 1X ANGSURAN, < 3X ANGSURAN",≥ 100% DARI OMSET,> 120 BULAN,< 15%,null < 50% plafon,Lainnya,CAKUPAN AREA : LOKAL,MOU - Sertipikat Induk,Rumah Tinggal,Indent,GREEN,TIDAK,Ditolak
KARYAWAN,"Pembelian Baru / Primary, Rumah Tinggal > Tipe 70","Plafon (514,750,000 - 894,632,536)",TIDAK JOINT INCOME,TIDAK PISAH HARTA,36 - 45,"Kol 1, Tidak pernah menunggak",Rumah Tinggal (Rumah ke 1),"≥ 2, < 5",MENIKAH : ≥RP 20 JUTA,>= 15%,≥ 3X ANGSURAN,≥ 100% DARI GAJI,> 120 BULAN,>= 15%,null < 50% plafon,"Keuangan, asuransi, perbankan",Public listed,MOU - Sertipikat Induk,Rumah Tinggal,Indent,GREEN,TIDAK,Ditolak
KARYAWAN,"Pembelian Baru / Primary, Rumah Tinggal Tipe 22 - 70","Plafon (894,632,536 - 1,340,960,436)",TIDAK JOINT INCOME,TIDAK PISAH HARTA,36 - 45,"Kol 1, Pernah Kol 2 (sampai dengan 30 hari, tidak lebih dari 2 kali) dalam 1 tahun terakhir",Rumah Tinggal (Rumah ke 1),"≥ 2, < 5",SINGLE : ≥RP 20 JUTA,>= 15%,"≥ 1X ANGSURAN, < 3X ANGSURAN",≥ 100% DARI GAJI,> 120 BULAN,>= 15%,null < 50% plafon,Lainnya,CAKUPAN AREA : LOKAL,MOU - Sertipikat Induk,Rumah Tinggal,Sedang dibangun,YELLOW,LAYAK,Ditolak
PENGUSAHA,"PEMBELIAN BEKAS / SECONDARY, RUMAH TINGGAL","Plafon (< 514,750,000)",JOINT INCOME,TIDAK PISAH HARTA,36 - 45,"KOL 1, PERNAH KOL 2",RUMAH TINGGAL (RUMAH KE 2/3),≥ 5,MENIKAH : ≥RP 20 JUTA,>= 15%,≥ 3X ANGSURAN,"≥ 70%, < 100% DARI OMZET","> 60 BULAN, ≤ 120 BULAN",>= 15%,KAS DAN NON KAS ≥ LIMIT KREDIT,PERDAGANGAN,CAKUPAN AREA : LOKAL,"SHM, SERTIPIKAT PECAH",Rumah Tinggal,SEDANG DIHUNI,GREEN,LAYAK,Diterima
KARYAWAN,"TOP UP KPR, RUMAH TINGGAL","Plafon (< 514,750,000)",JOINT INCOME,TIDAK PISAH HARTA,36 - 45,"KOL 2, PERNAH KOL 2",Rumah Tinggal (Rumah ke 1),≥ 5,"MENIKAH : < 6,6 JUTA",>= 15%,< 1x angsuran,< 50% DARI GAJI,"> 60 BULAN, ≤ 120 BULAN",>= 15%,null < 50% plafon,"Keuangan, asuransi, perbankan",EXISTING DEB BANK CCBI,"SHM, SERTIPIKAT PECAH",Rumah Tinggal,SEDANG DIHUNI,GREEN,LAYAK,Diterima
KARYAWAN,"PEMBELIAN BEKAS / SECONDARY, RUMAH TINGGAL","Plafon (< 514,750,000)",TIDAK JOINT INCOME,TIDAK PISAH HARTA,21 - 35,"Kol 1, Tidak pernah menunggak",Rumah Tinggal (Rumah ke 1),≥ 5,"MENIKAH : ≥RP 10 JUTA,  <RP 20 JUTA",>= 15%,≥ 3X ANGSURAN,≥ 100% DARI GAJI,"> 60 BULAN, ≤ 120 BULAN",>= 15%,KAS DAN NON KAS ≥ LIMIT KREDIT,Pelayanan kesehatan,CAKUPAN AREA : LOKAL,"SHGB, SERTIPIKAT PECAH",Rumah Tinggal,READY STOK,GREEN,LAYAK,Diterima
PENGUSAHA,"PEMBELIAN BEKAS / SECONDARY, RUKO / RUKAN","Plafon (514,750,000 - 894,632,536)",TIDAK JOINT INCOME,TIDAK PISAH HARTA,21 - 35,Data Tidak Tersedia,Rumah Tinggal (Rumah ke 1),≥ 5,SINGLE : ≥RP 20 JUTA,>= 15%,≥ 3X ANGSURAN,≥ 100% DARI OMSET,"> 60 BULAN, ≤ 120 BULAN",>= 15%,KAS DAN NON KAS ≥ LIMIT KREDIT,DISTRIBUTOR MAKANAN RINGAN,CAKUPAN AREA : LOKAL,"SHM, SERTIPIKAT PECAH",RUKO/RUKAN,SEDANG DIHUNI,GREEN,LAYAK,Diterima
PENGUSAHA,"TAKE OVER KPR, RUMAH TINGGAL","Plafon (< 514,750,000)",JOINT INCOME,TIDAK PISAH HARTA,36 - 45,"KOL 2, PERNAH KOL 2",RUMAH TINGGAL (RUMAH KE 2/3),"≥ 2, < 5",SINGLE : ≥RP 20 JUTA,>= 15%,≥ 3X ANGSURAN,"≥ 70%, < 100% DARI OMZET","> 60 BULAN, ≤ 120 BULAN",>= 15%,KAS DAN NON KAS ≥ LIMIT KREDIT,PENGADAAN BARANG MATERIAL BAHAN BANGUNAN,CAKUPAN AREA : LOKAL,"SHGB, SERTIPIKAT PECAH",Rumah Tinggal,READY STOK,YELLOW,LAYAK,Diterima
KARYAWAN,"PEMBELIAN BEKAS / SECONDARY, RUMAH TINGGAL","Plafon (514,750,000 - 894,632,536)",JOINT INCOME,TIDAK PISAH HARTA,46 - 55,"Kol 1, Tidak pernah menunggak",Rumah Tinggal (Rumah ke 1),≥ 5,"MENIKAH : ≥RP 10 JUTA,  <RP 20 JUTA",>= 15%,"≥ 1X ANGSURAN, < 3X ANGSURAN",< 50% DARI GAJI,> 120 BULAN,>= 15%,null < 50% plafon,Lainnya,CAKUPAN AREA : LOKAL,"SHM, SERTIPIKAT INDUK",Rumah Tinggal,READY STOK,GREEN,LAYAK,Diterima
PENGUSAHA,"PEMBELIAN BEKAS / SECONDARY, RUMAH TINGGAL","Plafon (< 514,750,000)",JOINT INCOME,TIDAK PISAH HARTA,21 - 35,"Kol 1, Tidak pernah menunggak",Rumah Tinggal (Rumah ke 1),≥ 5,MENIKAH : ≥RP 20 JUTA,>= 15%,≥ 3X ANGSURAN,"≥ 50%, < 70% DARI OMZET","> 60 BULAN, ≤ 120 BULAN",>= 15%,KAS DAN NON KAS ≥ LIMIT KREDIT,CADEB & ISTRI MERUPAKAN PEMILIK USAHA KULINER,CAKUPAN AREA : LOKAL,"SHGB, SERTIPIKAT PECAH",Rumah Tinggal,READY STOK,YELLOW,LAYAK,Diterima
PENGUSAHA,"TAKE OVER + TOP UP KPR, RUMAH TINGGAL","Plafon (> 1,340,960,436)",JOINT INCOME,TIDAK PISAH HARTA,46 - 55,"Kol 1, Tidak pernah menunggak",RUMAH TINGGAL (RUMAH KE 2/3),≥ 5,SINGLE : ≥RP 20 JUTA,>= 15%,≥ 3X ANGSURAN,≥ 100% DARI OMSET,"> 60 BULAN, ≤ 120 BULAN",>= 15%,KAS DAN NON KAS ≥ LIMIT KREDIT,PERDAGANGAN,CAKUPAN AREA : LOKAL,"SHM, SERTIPIKAT PECAH",Rumah Tinggal,SEDANG DIHUNI,YELLOW,LAYAK,Diterima
PENGUSAHA,"PEMBELIAN BEKAS / SECONDARY, RUMAH TINGGAL","Plafon (514,750,000 - 894,632,536)",JOINT INCOME,TIDAK PISAH HARTA,21 - 35,"Kol 1, Tidak pernah menunggak",Rumah Tinggal (Rumah ke 1),≥ 5,MENIKAH : ≥RP 20 JUTA,>= 15%,≥ 3X ANGSURAN,≥ 100% DARI OMSET,> 120 BULAN,>= 15%,KAS DAN NON KAS ≥ LIMIT KREDIT,Lainnya,CAKUPAN AREA : LOKAL,"SHM, SERTIPIKAT PECAH",Rumah Tinggal,READY STOK,GREEN,LAYAK,Diterima
KARYAWAN,"TAKE OVER KPR, RUMAH TINGGAL","Plafon (< 514,750,000)",JOINT INCOME,TIDAK PISAH HARTA,21 - 35,"KOL 2, PERNAH KOL 2",Rumah Tinggal (Rumah ke 1),≥ 5,SINGLE : ≥RP 20 JUTA,>= 15%,≥ 3X ANGSURAN,< 50% DARI GAJI,"> 60 BULAN, ≤ 120 BULAN",>= 15%,KAS DAN NON KAS ≥ LIMIT KREDIT,KEDAI KOPI & BAKERY,CAKUPAN AREA : LOKAL,"SHGB, SERTIPIKAT PECAH",Rumah Tinggal,SEDANG DIHUNI,YELLOW,LAYAK,Diterima
PENGUSAHA,"TAKE OVER KPR, RUKO / RUKAN","Plafon (894,632,536 - 1,340,960,436)",TIDAK JOINT INCOME,TIDAK PISAH HARTA,21 - 35,"Kol 1, Tidak pernah menunggak",Rumah Tinggal (Rumah ke 1),"≥ 2, < 5",MENIKAH : ≥RP 20 JUTA,>= 15%,≥ 3X ANGSURAN,≥ 100% DARI OMSET,≤ 60 BULAN,>= 15%,PROPERTI/KENDARAAN < 50% LIMIT KREDIT,PERDAGANGAN,Cakupan area : nasional,"SHM, SERTIPIKAT PECAH",RUKO/RUKAN,SEDANG DIHUNI,GREEN,LAYAK,Diterima
KARYAWAN,"PEMBELIAN BEKAS / SECONDARY, RUMAH TINGGAL","Plafon (514,750,000 - 894,632,536)",TIDAK JOINT INCOME,TIDAK PISAH HARTA,21 - 35,"Kol 1, Tidak pernah menunggak",Rumah Tinggal (Rumah ke 1),≥ 5,SINGLE : ≥RP 20 JUTA,>= 15%,≥ 3X ANGSURAN,≥ 100% DARI GAJI,> 120 BULAN,>= 15%,KAS DAN NON KAS ≥ LIMIT KREDIT,Pendidikan,CAKUPAN AREA : LOKAL,"SHGB, SERTIPIKAT PECAH",Rumah Tinggal,READY STOK,GREEN,LAYAK,Diterima
PENGUSAHA,"TOP UP KPR, RUMAH TINGGAL","Plafon (< 514,750,000)",JOINT INCOME,TIDAK PISAH HARTA,21 - 35,"Kol 1, Tidak pernah menunggak",RUMAH TINGGAL (RUMAH KE 2/3),"≥ 2, < 5",MENIKAH : ≥RP 20 JUTA,>= 15%,≥ 3X ANGSURAN,≥ 100% DARI OMSET,≤ 60 BULAN,>= 15%,KAS DAN NON KAS ≥ LIMIT KREDIT,JASA KONTRUKSI & INTERIOR DESIGN,CAKUPAN AREA : LOKAL,"SHGB, SERTIPIKAT PECAH",Rumah Tinggal,READY STOK,GREEN,LAYAK,Diterima
PENGUSAHA,"TAKE OVER + TOP UP KPR, RUMAH TINGGAL","Plafon (< 514,750,000)",JOINT INCOME,TIDAK PISAH HARTA,36 - 45,"Kol 1, Tidak pernah menunggak",RUMAH TINGGAL (RUMAH KE 2/3),≥ 5,MENIKAH : ≥RP 20 JUTA,>= 15%,≥ 3X ANGSURAN,"≥ 50%, < 70% DARI OMZET","> 60 BULAN, ≤ 120 BULAN",>= 15%,KAS DAN NON KAS ≥ LIMIT KREDIT,PENJUALAN PERLENGKAPAN MESIN KANTOR,CAKUPAN AREA : LOKAL,"SHGB, SERTIPIKAT PECAH",Rumah Tinggal,READY STOK,YELLOW,LAYAK,Diterima
PENGUSAHA,"PEMBELIAN BEKAS / SECONDARY, RUMAH TINGGAL","Plafon (> 1,340,960,436)",TIDAK JOINT INCOME,PISAH HARTA,36 - 45,Data Tidak Tersedia,Rumah Tinggal (Rumah ke 1),≥ 5,SINGLE : ≥RP 20 JUTA,>= 15%,≥ 3X ANGSURAN,"≥ 70%, < 100% DARI OMZET",> 120 BULAN,>= 15%,KAS DAN NON KAS ≥ LIMIT KREDIT,JASA BOGA & PERHOTELAN,CAKUPAN AREA : LOKAL,"SHM, SERTIPIKAT PECAH",Rumah Tinggal,SEDANG DIHUNI,GREEN,LAYAK,Diterima
KARYAWAN,"Pembelian Baru / Primary, Rumah Tinggal Tipe 22 - 70","Plafon (> 1,340,960,436)",TIDAK JOINT INCOME,TIDAK PISAH HARTA,21 - 35,"Kol 1, Pernah Kol 3, 4 atau 5",Rumah Tinggal (Rumah ke 1),"≥ 2, < 5",MENIKAH : ≥RP 20 JUTA,>= 15%,"≥ 1X ANGSURAN, < 3X ANGSURAN",≥ 100% DARI GAJI,> 120 BULAN,>= 15%,50% plafon <= Properti/kendaraan<= 100% plafon,Perdagangan / distribusi / eksport-import kebutuhan pokok,Multinasional,MOU - Sertipikat Induk,Rumah Tinggal,Indent,GREEN,TIDAK,Ditolak
KARYAWAN,"Pembelian Baru / Primary, Rumah Tinggal Tipe 22 - 70","Plafon (894,632,536 - 1,340,960,436)",TIDAK JOINT INCOME,TIDAK PISAH HARTA,21 - 35,"Kol 1, Pernah Kol 2 (30 s.d 60 hari & lebih dari 2 kali) dalam 1 tahun terakhir",Rumah Tinggal (Rumah ke 1),≥ 5,SINGLE : ≥RP 20 JUTA,>= 15%,≥ 3X ANGSURAN,≥ 100% DARI GAJI,> 120 BULAN,>= 15%,null < 50% plafon,Lainnya,Cakupan area : nasional,MOU - Sertipikat Induk,Apartemen,Indent,YELLOW,TIDAK,Ditolak
KARYAWAN,"Pembelian Baru / Primary, Rumah Tinggal > Tipe 70","Plafon (894,632,536 - 1,340,960,436)",TIDAK JOINT INCOME,PISAH HARTA,46 - 55,Data Tidak Tersedia,Rumah Tinggal (Rumah ke 1),"≥ 2, < 5","MENIKAH : ≥RP 10 JUTA,  <RP 20 JUTA",>= 15%,≥ 3X ANGSURAN,≥ 100% DARI GAJI,> 120 BULAN,>= 15%,Properti/kendaraan < 50% plafon,Perdagangan / distribusi / eksport-import kebutuhan pokok,Cakupan area : nasional,MOU - Sertipikat Induk,Rumah Tinggal,Indent,YELLOW,TIDAK,Ditolak
PENGUSAHA,"Pembelian Baru / Primary, Rumah Tinggal > Tipe 70","Plafon (> 1,340,960,436)",TIDAK JOINT INCOME,TIDAK PISAH HARTA,46 - 55,"Kol 1, Tidak pernah menunggak",RUMAH TINGGAL (RUMAH KE 2/3),≥ 5,SINGLE : ≥RP 20 JUTA,>= 15%,< 1x angsuran,< 50% DARI OMZET,> 120 BULAN,>= 15%,null < 50% plafon,"Farmasi, kosmetik dan alat kedokteran",CAKUPAN AREA : LOKAL,MOU - Sertipikat Induk,Rumah Tinggal,Indent,YELLOW,TIDAK,Ditolak
KARYAWAN,"Pembelian Baru / Primary, Apartemen < Tipe 22","Plafon (< 514,750,000)",JOINT INCOME,TIDAK PISAH HARTA,36 - 45,"Kol 1, Tidak pernah menunggak",Rumah Tinggal (Rumah ke 1),≥ 5,MENIKAH : ≥RP 20 JUTA,>= 15%,"≥ 1X ANGSURAN, < 3X ANGSURAN",≥ 100% DARI GAJI,"> 60 BULAN, ≤ 120 BULAN",>= 15%,50% plafon <= Properti/kendaraan<= 100% plafon,Pendidikan,Cakupan area : nasional,MOU - Sertipikat Induk,Apartemen,Indent,GREEN,TIDAK,Ditolak
KARYAWAN,"Pembelian Baru / Primary, Apartemen Tipe 22 - 70","Plafon (514,750,000 - 894,632,536)",TIDAK JOINT INCOME,TIDAK PISAH HARTA,21 - 35,Data Tidak Tersedia,Rumah Tinggal (Rumah ke 1),"≥ 2, < 5","SINGLE : ≥RP 10 JUTA,  <RP 20 JUTA",>= 15%,≥ 3X ANGSURAN,≥ 100% DARI GAJI,> 120 BULAN,>= 15%,null < 50% plafon,Perdagangan / distribusi / eksport-import kebutuhan pokok,Cakupan area : nasional,MOU - Sertipikat Induk,Apartemen,Indent,GREEN,TIDAK,Ditolak
PENGUSAHA,"Pembelian Baru / Primary, Rumah Tinggal > Tipe 70","Plafon (894,632,536 - 1,340,960,436)",JOINT INCOME,TIDAK PISAH HARTA,21 - 35,Data Tidak Tersedia,RUMAH TINGGAL (RUMAH KE 2/3),≥ 5,MENIKAH : ≥RP 20 JUTA,>= 15%,≥ 3X ANGSURAN,"≥ 70%, < 100% DARI OMZET",> 120 BULAN,>= 15%,DEPOSITO/INVES/EMAS ≥ plafon,Perdagangan / distribusi / eksport-import kebutuhan pokok,Cakupan area : nasional,MOU - Sertipikat Pecah,Rumah Tinggal,Sedang dibangun,YELLOW,TIDAK,Ditolak
KARYAWAN,"Pembelian Baru / Primary, Apartemen Tipe 22 - 70","Plafon (894,632,536 - 1,340,960,436)",TIDAK JOINT INCOME,TIDAK PISAH HARTA,21 - 35,"Kol 1, Tidak pernah menunggak",Rumah Tinggal (Rumah ke 1),≥ 5,"MENIKAH : ≥RP 10 JUTA,  <RP 20 JUTA",>= 15%,≥ 3X ANGSURAN,≥ 100% DARI GAJI,> 120 BULAN,>= 15%,null < 50% plafon,Transportasi dan otomotif,Multinasional,MOU - Sertipikat Induk,Apartemen,Sedang dibangun,YELLOW,TIDAK,Ditolak
PENGUSAHA,"Pembelian Baru / Primary, Rumah Tinggal > Tipe 70","Plafon (> 1,340,960,436)",TIDAK JOINT INCOME,TIDAK PISAH HARTA,21 - 35,"Kol 1, Pernah Kol 3, 4 atau 5",Rumah Tinggal (Rumah ke 1),≥ 5,MENIKAH : ≥RP 20 JUTA,>= 15%,≥ 3X ANGSURAN,≥ 100% DARI OMSET,> 120 BULAN,>= 15%,null < 50% plafon,Lainnya,CAKUPAN AREA : LOKAL,"SHM, SERTIPIKAT PECAH",Rumah Tinggal,Indent,RED,TIDAK,Ditolak
PENGUSAHA,"Pembelian Baru / Primary, Rumah Tinggal > Tipe 70","Plafon (894,632,536 - 1,340,960,436)",JOINT INCOME,TIDAK PISAH HARTA,21 - 35,Data Tidak Tersedia,RUMAH TINGGAL (RUMAH KE 2/3),≥ 5,MENIKAH : ≥RP 20 JUTA,>= 15%,≥ 3X ANGSURAN,"≥ 70%, < 100% DARI OMZET",> 120 BULAN,>= 15%,DEPOSITO/INVES/EMAS ≥ plafon,Perdagangan / distribusi / eksport-import kebutuhan pokok,Cakupan area : nasional,MOU - Sertipikat Pecah,Rumah Tinggal,Sedang dibangun,YELLOW,TIDAK,Ditolak
KARYAWAN,"Pembelian Baru / Primary, Apartemen Tipe 22 - 70","Plafon (514,750,000 - 894,632,536)",TIDAK JOINT INCOME,TIDAK PISAH HARTA,21 - 35,"Kol 1, Tidak pernah menunggak",Rumah Tinggal (Rumah ke 1),"≥ 2, < 5","SINGLE : ≥RP 6 JUTA, < RP. 10 JUTA",>= 15%,"≥ 1X ANGSURAN, < 3X ANGSURAN",≥ 100% DARI GAJI,> 120 BULAN,>= 15%,null < 50% plafon,Lainnya,Cakupan area : nasional,MOU - Sertipikat Induk,Apartemen,Indent,YELLOW,TIDAK,Ditolak
KARYAWAN,"Pembelian Baru / Primary, Apartemen Tipe 22 - 70","Plafon (< 514,750,000)",TIDAK JOINT INCOME,TIDAK PISAH HARTA,21 - 35,Kol 2 (tidak lebih dari 30 hari) dalam 1 tahun terakhir,Investasi,"≥ 2, < 5",SINGLE : ≥RP 20 JUTA,>= 15%,≥ 3X ANGSURAN,≥ 100% DARI GAJI,> 120 BULAN,>= 15%,Properti/kendaraan >= plafon,"Keuangan, asuransi, perbankan",Cakupan area : nasional,MOU - Sertipikat Induk,Apartemen,Indent,RED,TIDAK,Ditolak
KARYAWAN,"Pembelian Baru / Primary, Rumah Tinggal Tipe 22 - 70","Plafon (894,632,536 - 1,340,960,436)",TIDAK JOINT INCOME,TIDAK PISAH HARTA,21 - 35,"Kol 1, Tidak pernah menunggak",Rumah Tinggal (Rumah ke 1),"≥ 2, < 5","SINGLE : ≥RP 10 JUTA,  <RP 20 JUTA",>= 15%,"≥ 1X ANGSURAN, < 3X ANGSURAN",≥ 100% DARI GAJI,> 120 BULAN,>= 15%,null < 50% plafon,Perdagangan / distribusi / eksport-import kebutuhan pokok,Cakupan area : nasional,MOU - Sertipikat Induk,Rumah Tinggal,Sedang dibangun,YELLOW,TIDAK,Ditolak
KARYAWAN,"Pembelian Baru / Primary, Apartemen Tipe 22 - 70","Plafon (894,632,536 - 1,340,960,436)",TIDAK JOINT INCOME,TIDAK PISAH HARTA,21 - 35,"Kol 1, Tidak pernah menunggak",Rumah Tinggal (Rumah ke 1),"≥ 2, < 5","SINGLE : ≥RP 10 JUTA,  <RP 20 JUTA",>= 15%,≥ 3X ANGSURAN,≥ 100% DARI GAJI,> 120 BULAN,>= 15%,null < 50% plafon,"Farmasi, kosmetik dan alat kedokteran",Cakupan area : nasional,MOU - Sertipikat Induk,Apartemen,Indent,YELLOW,TIDAK,Ditolak
PENGUSAHA,"Pembelian Baru / Primary, Apartemen Tipe 22 - 70","Plafon (> 1,340,960,436)",JOINT INCOME,TIDAK PISAH HARTA,46 - 55,"KOL 1, PERNAH KOL 2",Rumah Tinggal (Rumah ke 1),"≥ 2, < 5",MENIKAH : ≥RP 20 JUTA,>= 15%,≥ 3X ANGSURAN,"≥ 50%, < 70% DARI OMZET","> 60 BULAN, ≤ 120 BULAN",>= 15%,PROPERTI/KENDARAAN ≥ LIMIT KREDIT,KONTRAKTOR/KONSULTAN/ARSITEK,Cakupan area : nasional,MOU - Sertipikat Pecah,Apartemen,Indent,YELLOW,LAYAK,Diterima
KARYAWAN,"PEMBELIAN BEKAS / SECONDARY, RUMAH TINGGAL","Plafon (514,750,000 - 894,632,536)",JOINT INCOME,TIDAK PISAH HARTA,21 - 35,"Kol 1, Tidak pernah menunggak",Rumah Tinggal (Rumah ke 1),"≥ 2, < 5",MENIKAH : ≥RP 20 JUTA,>= 15%,≥ 3X ANGSURAN,≥ 100% DARI GAJI,> 120 BULAN,>= 15%,KAS DAN NON KAS ≥ LIMIT KREDIT,SEKRETARIAT DPRD KOTA SUKABUMI,Cakupan area : nasional,"SHGB, SERTIPIKAT PECAH",Rumah Tinggal,READY STOK,GREEN,LAYAK,Diterima
KARYAWAN,"RENOVASI, RUMAH TINGGAL","Plafon (< 514,750,000)",TIDAK JOINT INCOME,TIDAK PISAH HARTA,46 - 55,"Kol 1, Tidak pernah menunggak",Rumah Tinggal (Rumah ke 1),≥ 5,"MENIKAH : < 6,6 JUTA",>= 15%,< 1x angsuran,< 50% DARI GAJI,≤ 60 BULAN,>= 20%,PROPERTI/KENDARAAN < 50% LIMIT KREDIT,Lainnya,CAKUPAN AREA : LOKAL,"SHM, SERTIPIKAT PECAH",Rumah Tinggal,SEDANG DIHUNI,GREEN,LAYAK,Diterima
KARYAWAN,"PEMBELIAN BEKAS / SECONDARY, RUMAH TINGGAL","Plafon (< 514,750,000)",TIDAK JOINT INCOME,TIDAK PISAH HARTA,21 - 35,"Kol 1, Tidak pernah menunggak",RUMAH TINGGAL (RUMAH KE 2/3),≥ 5,"SINGLE : ≥RP 10 JUTA,  <RP 20 JUTA",>= 15%,"≥ 1X ANGSURAN, < 3X ANGSURAN",≥ 100% DARI GAJI,"> 60 BULAN, ≤ 120 BULAN",>= 15%,KAS DAN NON KAS ≥ LIMIT KREDIT < 100%DARI LIMIT KREDIT,KONTRAKTOR/KONSULTAN/ARSITEK,CAKUPAN AREA : LOKAL,"SHM, SERTIPIKAT PECAH",Rumah Tinggal,READY STOK,GREEN,LAYAK,Diterima
PENGUSAHA,"TAKE OVER KPR, RUMAH TINGGAL","Plafon (894,632,536 - 1,340,960,436)",JOINT INCOME,TIDAK PISAH HARTA,36 - 45,"KOL 1, PERNAH KOL 2",RUMAH TINGGAL (RUMAH KE 2/3),≥ 5,MENIKAH : ≥RP 20 JUTA,>= 15%,≥ 3X ANGSURAN,"≥ 50%, < 70% DARI OMZET",≤ 60 BULAN,>= 15%,PROPERTI/KENDARAAN ≥ LIMIT KREDIT,PERDAGANGAN,CAKUPAN AREA : LOKAL,"SHGB, SERTIPIKAT PECAH",Rumah Tinggal,SEDANG DIHUNI,YELLOW,LAYAK,Diterima
KARYAWAN,"PEMBELIAN BEKAS / SECONDARY, RUMAH TINGGAL","Plafon (< 514,750,000)",JOINT INCOME,TIDAK PISAH HARTA,21 - 35,"Kol 1, Tidak pernah menunggak",Rumah Tinggal (Rumah ke 1),≥ 5,"MENIKAH : ≥RP 10 JUTA,  <RP 20 JUTA",>= 15%,"≥ 1X ANGSURAN, < 3X ANGSURAN","≥ 50%, < 70% DARI GAJI","> 60 BULAN, ≤ 120 BULAN",>= 15%,KAS DAN NON KAS ≥ LIMIT KREDIT,DISTRIBUTOR BAHAN BANGUNAN,CAKUPAN AREA : LOKAL,"SHGB, SERTIPIKAT PECAH",Rumah Tinggal,READY STOK,GREEN,LAYAK,Diterima
PENGUSAHA,"PEMBELIAN BEKAS / SECONDARY, RUMAH TINGGAL","Plafon (> 1,340,960,436)",TIDAK JOINT INCOME,TIDAK PISAH HARTA,21 - 35,"Kol 1, Tidak pernah menunggak",Rumah Tinggal (Rumah ke 1),≥ 5,MENIKAH : ≥RP 20 JUTA,>= 15%,≥ 3X ANGSURAN,≥ 100% DARI OMSET,"> 60 BULAN, ≤ 120 BULAN",>= 15%,PROPERTI/KENDARAAN ≥ LIMIT KREDIT,PERDAGANGAN,CAKUPAN AREA : LOKAL,"SHM, SERTIPIKAT PECAH",Rumah Tinggal,READY STOK,GREEN,LAYAK,Diterima
PENGUSAHA,"PEMBELIAN BEKAS / SECONDARY, RUMAH TINGGAL","Plafon (514,750,000 - 894,632,536)",JOINT INCOME,TIDAK PISAH HARTA,21 - 35,"Kol 1, Tidak pernah menunggak",Rumah Tinggal (Rumah ke 1),"≥ 2, < 5",MENIKAH : ≥RP 20 JUTA,>= 15%,"≥ 1X ANGSURAN, < 3X ANGSURAN",≥ 100% DARI OMSET,> 120 BULAN,>= 15%,KAS DAN NON KAS ≥ LIMIT KREDIT,"INFORMASI, TELEKOMUNIKASI DAN KOMPUTER",CAKUPAN AREA : LOKAL,MOU - Sertipikat Pecah,Rumah Tinggal,Indent,GREEN,LAYAK,Diterima
KARYAWAN,"TAKE OVER + TOP UP KPR, RUMAH TINGGAL","Plafon (> 1,340,960,436)",TIDAK JOINT INCOME,TIDAK PISAH HARTA,36 - 45,"Kol 1, Tidak pernah menunggak",RUMAH TINGGAL (RUMAH KE 2/3),≥ 5,MENIKAH : ≥RP 20 JUTA,>= 15%,≥ 3X ANGSURAN,"≥ 70%, < 100% DARI GAJI","> 60 BULAN, ≤ 120 BULAN",>= 40%,KAS DAN NON KAS ≥ LIMIT KREDIT,Perdagangan / distribusi / eksport-import kebutuhan pokok,Multinasional,SHGB,Rumah Tinggal,SEDANG DIHUNI,GREEN,LAYAK,Diterima
PENGUSAHA,"TAKE OVER KPR, RUKO / RUKAN","Plafon (> 1,340,960,436)",JOINT INCOME,TIDAK PISAH HARTA,36 - 45,"Kol 1, Tidak pernah menunggak",RUMAH TINGGAL (RUMAH KE 2/3),≥ 5,MENIKAH : ≥RP 20 JUTA,>= 15%,≥ 3X ANGSURAN,"≥ 70%, < 100% DARI OMZET","> 60 BULAN, ≤ 120 BULAN",>= 20%,KAS DAN NON KAS ≥ LIMIT KREDIT,Perdagangan / distribusi / eksport-import kebutuhan pokok,CAKUPAN AREA : LOKAL,SHGB,RUKO/RUKAN,Indent,GREEN,LAYAK,Diterima
PENGUSAHA,"TAKE OVER KPR, RUMAH TINGGAL","Plafon (> 1,340,960,436)",JOINT INCOME,TIDAK PISAH HARTA,46 - 55,"Kol 1, Tidak pernah menunggak",RUMAH TINGGAL (RUMAH KE 2/3),≥ 5,MENIKAH : ≥RP 20 JUTA,>= 15%,≥ 3X ANGSURAN,"≥ 70%, < 100% DARI OMZET","> 60 BULAN, ≤ 120 BULAN",>= 20%,KAS DAN NON KAS ≥ LIMIT KREDIT,JASA BOGA & PERHOTELAN,CAKUPAN AREA : LOKAL,SHM,Rumah Tinggal,Indent,GREEN,LAYAK,Diterima
PENGUSAHA,"PEMBELIAN BEKAS / SECONDARY, RUMAH TINGGAL","Plafon (514,750,000 - 894,632,536)",JOINT INCOME,TIDAK PISAH HARTA,21 - 35,"Kol 1, Tidak pernah menunggak",Rumah Tinggal (Rumah ke 1),"≥ 2, < 5",MENIKAH : ≥RP 20 JUTA,>= 15%,≥ 3X ANGSURAN,"≥ 70%, < 100% DARI OMZET","> 60 BULAN, ≤ 120 BULAN",>= 20%,KAS DAN NON KAS ≥ LIMIT KREDIT,Transportasi dan otomotif,CAKUPAN AREA : LOKAL,SHM,Rumah Tinggal,Indent,GREEN,LAYAK,Diterima
PENGUSAHA,"PEMBELIAN BEKAS / SECONDARY, RUKO / RUKAN","Plafon (> 1,340,960,436)",TIDAK JOINT INCOME,TIDAK PISAH HARTA,36 - 45,"Kol 1, Tidak pernah menunggak",Rumah Tinggal (Rumah ke 1),≥ 5,MENIKAH : ≥RP 20 JUTA,>= 15%,≥ 3X ANGSURAN,≥ 100% DARI OMSET,"> 60 BULAN, ≤ 120 BULAN",>= 15%,PROPERTI/KENDARAAN ≥ LIMIT KREDIT,PERDAGANGAN,CAKUPAN AREA : LOKAL,"SHGB, SERTIPIKAT PECAH",RUKO/RUKAN,SEDANG DIHUNI,GREEN,LAYAK,Diterima
PENGUSAHA,"PEMBELIAN BEKAS / SECONDARY, RUMAH TINGGAL","Plafon (514,750,000 - 894,632,536)",JOINT INCOME,TIDAK PISAH HARTA,21 - 35,"Kol 1, Tidak pernah menunggak",Rumah Tinggal (Rumah ke 1),"≥ 2, < 5",MENIKAH : ≥RP 20 JUTA,>= 15%,"≥ 1X ANGSURAN, < 3X ANGSURAN",≥ 100% DARI OMSET,> 120 BULAN,>= 15%,KAS DAN NON KAS ≥ LIMIT KREDIT,"INFORMASI, TELEKOMUNIKASI DAN KOMPUTER",CAKUPAN AREA : LOKAL,MOU - Sertipikat Pecah,Rumah Tinggal,Indent,GREEN,LAYAK,Diterima
PENGUSAHA,"PEMBELIAN BEKAS / SECONDARY, RUMAH TINGGAL","Plafon (> 1,340,960,436)",TIDAK JOINT INCOME,PISAH HARTA,36 - 45,"Kol 1, Tidak pernah menunggak",Rumah Tinggal (Rumah ke 1),≥ 5,MENIKAH : ≥RP 20 JUTA,>= 15%,≥ 3X ANGSURAN,≥ 100% DARI OMSET,"> 60 BULAN, ≤ 120 BULAN",>= 15%,PROPERTI/KENDARAAN ≥ LIMIT KREDIT,Perdagangan / distribusi / eksport-import kebutuhan pokok,CAKUPAN AREA : LOKAL,"SHM, SERTIPIKAT PECAH",Rumah Tinggal,READY STOK,GREEN,LAYAK,Diterima
PENGUSAHA,"PEMBELIAN BEKAS / SECONDARY, RUMAH TINGGAL","Plafon (514,750,000 - 894,632,536)",TIDAK JOINT INCOME,TIDAK PISAH HARTA,21 - 35,"Kol 1, Tidak pernah menunggak",RUMAH TINGGAL (RUMAH KE 2/3),"≥ 2, < 5",SINGLE : ≥RP 20 JUTA,>= 15%,≥ 3X ANGSURAN,≥ 100% DARI OMSET,"> 60 BULAN, ≤ 120 BULAN",>= 15%,PROPERTI/KENDARAAN < 100% LIMIT KREDIT,Perdagangan / distribusi / eksport-import kebutuhan pokok,Cakupan area : nasional,"SHM, SERTIPIKAT PECAH",Rumah Tinggal,READY STOK,GREEN,LAYAK,Diterima
PENGUSAHA,"PEMBELIAN BEKAS / SECONDARY, RUMAH TINGGAL","Plafon (> 1,340,960,436)",TIDAK JOINT INCOME,TIDAK PISAH HARTA,36 - 45,"Kol 1, Tidak pernah menunggak",RUMAH TINGGAL (RUMAH KE 2/3),≥ 5,MENIKAH : ≥RP 20 JUTA,>= 15%,≥ 3X ANGSURAN,"≥ 70%, < 100% DARI OMZET","> 60 BULAN, ≤ 120 BULAN",>= 15%,PROPERTI/KENDARAAN < 100% LIMIT KREDIT,JASA BOGA & PERHOTELAN,CAKUPAN AREA : LOKAL,"SHGB, SERTIPIKAT PECAH",Rumah Tinggal,READY STOK,GREEN,LAYAK,Diterima
KARYAWAN,"PEMBELIAN BEKAS / SECONDARY, RUMAH TINGGAL","Plafon (894,632,536 - 1,340,960,436)",JOINT INCOME,TIDAK PISAH HARTA,21 - 35,"KOL 1, PERNAH KOL 2",Rumah Tinggal (Rumah ke 1),≥ 5,MENIKAH : ≥RP 20 JUTA,>= 15%,≥ 3X ANGSURAN,≥ 100% DARI GAJI,> 120 BULAN,>= 15%,PROPERTI/KENDARAAN ≥ LIMIT KREDIT,"Keuangan, asuransi, perbankan",Public listed,"SHM, SERTIPIKAT PECAH",Rumah Tinggal,READY STOK,GREEN,LAYAK,Diterima
KARYAWAN,"PEMBELIAN BEKAS / SECONDARY, RUMAH TINGGAL","Plafon (> 1,340,960,436)",TIDAK JOINT INCOME,PISAH HARTA,36 - 45,"Kol 1, Tidak pernah menunggak",Rumah Tinggal (Rumah ke 1),≥ 5,SINGLE : < 6 JUTA,>= 15%,≥ 3X ANGSURAN,< 50% DARI GAJI,> 120 BULAN,>= 15%,KAS DAN NON KAS < 100% LIMIT KREDIT,"Keuangan, asuransi, perbankan",Multinasional,"SHM, SERTIPIKAT PECAH",Rumah Tinggal,READY STOK,GREEN,LAYAK,Diterima
PENGUSAHA,"PEMBELIAN BEKAS / SECONDARY, RUMAH TINGGAL","Plafon (514,750,000 - 894,632,536)",TIDAK JOINT INCOME,PISAH HARTA,56 - 65,"Kol 1, Tidak pernah menunggak",RUMAH TINGGAL (RUMAH KE 2/3),≥ 5,MENIKAH : ≥RP 20 JUTA,>= 15%,≥ 3X ANGSURAN,"≥ 70%, < 100% DARI OMZET","> 60 BULAN, ≤ 120 BULAN",>= 15%,PROPERTI/KENDARAAN ≥ LIMIT KREDIT,JASA TELEKOMUNIKASI,Cakupan area : nasional,"SHM, SERTIPIKAT PECAH",Rumah Tinggal,SEDANG DIHUNI,GREEN,LAYAK,Diterima
KARYAWAN,"TOP UP KPR, RUMAH TINGGAL","Plafon (< 514,750,000)",JOINT INCOME,TIDAK PISAH HARTA,46 - 55,"Kol 1, Tidak pernah menunggak",Rumah Tinggal (Rumah ke 1),≥ 5,MENIKAH : ≥RP 20 JUTA,>= 15%,≥ 3X ANGSURAN,≥ 100% DARI GAJI,"> 60 BULAN, ≤ 120 BULAN",>= 20%,PROPERTI/KENDARAAN < 100% LIMIT KREDIT,Pendidikan,Cakupan area : nasional,"SHM, SERTIPIKAT PECAH",Rumah Tinggal,SEDANG DIRENOVASI,YELLOW,LAYAK,Diterima
KARYAWAN,"PEMBELIAN BEKAS / SECONDARY, RUMAH TINGGAL","Plafon (> 1,340,960,436)",JOINT INCOME,TIDAK PISAH HARTA,21 - 35,Data Tidak Tersedia,Rumah Tinggal (Rumah ke 1),≥ 5,"SINGLE : ≥RP 10 JUTA,  <RP 20 JUTA",>= 15%,< 1x angsuran,< 50% DARI GAJI,> 120 BULAN,>= 20%,null < 50% plafon,Lainnya,Cakupan area : nasional,SHM,Rumah Tinggal,SEDANG DIHUNI,RED,TIDAK,Ditolak
PENGUSAHA,"PEMBELIAN BEKAS / SECONDARY, RUMAH TINGGAL","Plafon (< 514,750,000)",TIDAK JOINT INCOME,PISAH HARTA,21 - 35,Data Tidak Tersedia,Rumah Tinggal (Rumah ke 1),≥ 5,SINGLE : ≥RP 20 JUTA,>= 15%,≥ 3X ANGSURAN,"≥ 70%, < 100% DARI OMZET",≤ 60 BULAN,>= 15%,null < 50% plafon,Perdagangan / distribusi / eksport-import kebutuhan pokok,CAKUPAN AREA : LOKAL,"SHGB, SERTIPIKAT PECAH",Rumah Tinggal,READY STOK,GREEN,LAYAK,Diterima
PROFESIONAL,"PEMBELIAN BEKAS / SECONDARY, RUMAH TINGGAL","Plafon (> 1,340,960,436)",TIDAK JOINT INCOME,TIDAK PISAH HARTA,36 - 45,"Kol 1, Tidak pernah menunggak",RUMAH TINGGAL (RUMAH KE 2/3),≥ 5,SINGLE : ≥RP 20 JUTA,>= 15%,≥ 3X ANGSURAN,≥ 100% DARI GAJI,"> 60 BULAN, ≤ 120 BULAN",>= 15%,null < 50% plafon,KONTRAKTOR/KONSULTAN/ARSITEK,CAKUPAN AREA : LOKAL,"SHM, SERTIPIKAT PECAH",Rumah Tinggal,READY STOK,GREEN,LAYAK,Diterima
KARYAWAN,"TAKE OVER KPR, RUMAH TINGGAL","Plafon (< 514,750,000)",TIDAK JOINT INCOME,TIDAK PISAH HARTA,21 - 35,Data Tidak Tersedia,RUMAH TINGGAL (RUMAH KE 2/3),< 2,"MENIKAH : < 6,6 JUTA",>= 15%,< 1x angsuran,< 50% DARI GAJI,> 120 BULAN,>= 15%,null < 50% plafon,"Keuangan, asuransi, perbankan",Cakupan area : nasional,"SHM, SERTIPIKAT PECAH",Rumah Tinggal,SEDANG DIHUNI,GREEN,LAYAK,Diterima
KARYAWAN,"Pembelian Baru / Primary, Rumah Tinggal Tipe 22 - 70","Plafon (> 1,340,960,436)",TIDAK JOINT INCOME,TIDAK PISAH HARTA,21 - 35,"Kol 1, Pernah Kol 3, 4 atau 5",Rumah Tinggal (Rumah ke 1),"≥ 2, < 5",MENIKAH : ≥RP 20 JUTA,>= 15%,"≥ 1X ANGSURAN, < 3X ANGSURAN",≥ 100% DARI GAJI,> 120 BULAN,>= 15%,50% plafon <= Properti/kendaraan<= 100% plafon,Perdagangan / distribusi / eksport-import kebutuhan pokok,Multinasional,MOU - Sertipikat Induk,Rumah Tinggal,Indent,GREEN,TIDAK,Ditolak
KARYAWAN,"Pembelian Baru / Primary, Rumah Tinggal > Tipe 70","Plafon (> 1,340,960,436)",TIDAK JOINT INCOME,TIDAK PISAH HARTA,36 - 45,"Kol 1, Pernah Kol 2 (tidak lebih dari 30 hari) dalam 1 tahun terakhir",Rumah Tinggal (Rumah ke 1),≥ 5,SINGLE : ≥RP 20 JUTA,>= 15%,≥ 3X ANGSURAN,≥ 100% DARI GAJI,> 120 BULAN,>= 15%,50% plafon <= Properti/kendaraan<= 100% plafon,Lainnya,Cakupan area : nasional,MOU - Sertipikat Induk,Rumah Tinggal,Sedang dibangun,GREEN,TIDAK,Ditolak
KARYAWAN,"Pembelian Baru / Primary, Rumah Tinggal > Tipe 70","Plafon (894,632,536 - 1,340,960,436)",TIDAK JOINT INCOME,PISAH HARTA,46 - 55,Data Tidak Tersedia,Rumah Tinggal (Rumah ke 1),< 2,"MENIKAH : ≥RP 10 JUTA,  <RP 20 JUTA",>= 15%,≥ 3X ANGSURAN,≥ 100% DARI GAJI,> 120 BULAN,>= 15%,Properti/kendaraan < 50% plafon,Perdagangan / distribusi / eksport-import kebutuhan pokok,Cakupan area : nasional,MOU - Sertipikat Induk,Rumah Tinggal,Indent,YELLOW,LAYAK,Ditolak
KARYAWAN,"Pembelian Baru / Primary, Apartemen Tipe 22 - 70","Plafon (< 514,750,000)",TIDAK JOINT INCOME,TIDAK PISAH HARTA,21 - 35,"Kol 1, Tidak pernah menunggak",Rumah Tinggal (Rumah ke 1),"≥ 2, < 5",SINGLE : ≥RP 20 JUTA,>= 15%,≥ 3X ANGSURAN,≥ 100% DARI GAJI,> 120 BULAN,>= 15%,50% plafon <= Properti/kendaraan<= 100% plafon,Lainnya,CAKUPAN AREA : LOKAL,MOU - Sertipikat Induk,Apartemen,Sedang dibangun,GREEN,TIDAK,Ditolak
PENGUSAHA,"Pembelian Baru / Primary, Rumah Tinggal > Tipe 70","Plafon (> 1,340,960,436)",TIDAK JOINT INCOME,TIDAK PISAH HARTA,46 - 55,"Kol 1, Tidak pernah menunggak",RUMAH TINGGAL (RUMAH KE 2/3),≥ 5,SINGLE : ≥RP 20 JUTA,>= 15%,< 1x angsuran,< 50% DARI OMZET,> 120 BULAN,>= 15%,null < 50% plafon,"Farmasi, kosmetik dan alat kedokteran",CAKUPAN AREA : LOKAL,MOU - Sertipikat Induk,Rumah Tinggal,Indent,YELLOW,TIDAK,Ditolak
KARYAWAN,"Pembelian Baru / Primary, Apartemen Tipe 22 - 70","Plafon (514,750,000 - 894,632,536)",TIDAK JOINT INCOME,TIDAK PISAH HARTA,21 - 35,Data Tidak Tersedia,Rumah Tinggal (Rumah ke 1),"≥ 2, < 5","SINGLE : ≥RP 10 JUTA,  <RP 20 JUTA",>= 15%,≥ 3X ANGSURAN,≥ 100% DARI GAJI,> 120 BULAN,>= 15%,null < 50% plafon,Perdagangan / distribusi / eksport-import kebutuhan pokok,Cakupan area : nasional,MOU - Sertipikat Induk,Apartemen,Indent,GREEN,TIDAK,Ditolak
KARYAWAN,"Pembelian Baru / Primary, Rumah Tinggal > Tipe 70","Plafon (> 1,340,960,436)",TIDAK JOINT INCOME,TIDAK PISAH HARTA,36 - 45,"Kol 1, Pernah Kol 2 (tidak lebih dari 30 hari) dalam 1 tahun terakhir",Rumah Tinggal (Rumah ke 1),≥ 5,SINGLE : ≥RP 20 JUTA,>= 15%,≥ 3X ANGSURAN,≥ 100% DARI GAJI,> 120 BULAN,>= 15%,50% plafon <= Properti/kendaraan<= 100% plafon,Lainnya,Cakupan area : nasional,MOU - Sertipikat Induk,Rumah Tinggal,Sedang dibangun,GREEN,TIDAK,Ditolak
KARYAWAN,"Pembelian Baru / Primary, Apartemen < Tipe 22","Plafon (< 514,750,000)",JOINT INCOME,TIDAK PISAH HARTA,36 - 45,"Kol 1, Tidak pernah menunggak",Rumah Tinggal (Rumah ke 1),≥ 5,MENIKAH : ≥RP 20 JUTA,>= 15%,"≥ 1X ANGSURAN, < 3X ANGSURAN",≥ 100% DARI GAJI,"> 60 BULAN, ≤ 120 BULAN",>= 15%,50% plafon <= Properti/kendaraan<= 100% plafon,Pendidikan,Cakupan area : nasional,MOU - Sertipikat Induk,Apartemen,Indent,GREEN,TIDAK,Ditolak
PENGUSAHA,"Pembelian Baru / Primary, Rumah Tinggal > Tipe 70","Plafon (894,632,536 - 1,340,960,436)",JOINT INCOME,TIDAK PISAH HARTA,21 - 35,Data Tidak Tersedia,RUMAH TINGGAL (RUMAH KE 2/3),≥ 5,MENIKAH : ≥RP 20 JUTA,>= 15%,≥ 3X ANGSURAN,"≥ 70%, < 100% DARI OMZET",> 120 BULAN,>= 15%,DEPOSITO/INVES/EMAS < 50% plafon,Perdagangan / distribusi / eksport-import kebutuhan pokok,Cakupan area : nasional,MOU - Sertipikat Pecah,Rumah Tinggal,Sedang dibangun,YELLOW,TIDAK,Ditolak
KARYAWAN,"Pembelian Baru / Primary, Apartemen Tipe 22 - 70","Plafon (514,750,000 - 894,632,536)",TIDAK JOINT INCOME,TIDAK PISAH HARTA,21 - 35,"Kol 1, Tidak pernah menunggak",Rumah Tinggal (Rumah ke 1),"≥ 2, < 5","SINGLE : ≥RP 6 JUTA, < RP. 10 JUTA",>= 15%,"≥ 1X ANGSURAN, < 3X ANGSURAN",≥ 100% DARI GAJI,> 120 BULAN,>= 15%,null < 50% plafon,Lainnya,Cakupan area : nasional,MOU - Sertipikat Induk,Apartemen,Indent,YELLOW,TIDAK,Ditolak
PENGUSAHA,"Pembelian Baru / Primary, Ruko / Rukan","Plafon (894,632,536 - 1,340,960,436)",JOINT INCOME,TIDAK PISAH HARTA,36 - 45,Data Tidak Tersedia,RUMAH TINGGAL (RUMAH KE 2/3),≥ 5,MENIKAH : ≥RP 20 JUTA,>= 15%,≥ 3X ANGSURAN,≥ 100% DARI OMSET,> 120 BULAN,>= 15%,Properti/kendaraan >= plafon,KONTRAKTOR/KONSULTAN/ARSITEK,Cakupan area : nasional,MOU - Sertipikat Induk,RUKO/RUKAN,Indent,GREEN,LAYAK,Diterima
KARYAWAN,"Pembelian Baru / Primary, Rumah Tinggal Tipe 22 - 70","Plafon (514,750,000 - 894,632,536)",TIDAK JOINT INCOME,TIDAK PISAH HARTA,21 - 35,"Kol 1, Tidak pernah menunggak",RUMAH TINGGAL (RUMAH KE 2/3),≥ 5,SINGLE : ≥RP 10 JUTA,>= 15%,≥ 3X ANGSURAN,≥ 100% DARI GAJI,> 120 BULAN,>= 15%,null < 50% plafon,"Farmasi, kosmetik dan alat kedokteran",Multinasional,MOU - Sertipikat Induk,Rumah Tinggal,Indent,YELLOW,LAYAK,Diterima
PENGUSAHA,"Pembelian Baru / Primary, Rumah Tinggal Tipe 22 - 70","Plafon (> 1,340,960,436)",TIDAK JOINT INCOME,TIDAK PISAH HARTA,21 - 35,"Kol 1, Pernah Kol 2 (tidak lebih dari 30 hari) dalam 1 tahun terakhir",Rumah Tinggal (Rumah ke 1),"≥ 2, < 5",MENIKAH : ≥RP 20 JUTA,>= 15%,≥ 3X ANGSURAN,≥ 70% DARI OMSET,> 120 BULAN,>= 15%,null < 50% plafon,Perdagangan / distribusi / eksport-import kebutuhan pokok,CAKUPAN AREA : LOKAL,MOU - Sertipikat Induk,Rumah Tinggal,Indent,GREEN,LAYAK,Diterima
KARYAWAN,"Pembelian Baru / Primary, Apartemen Tipe 22 - 70","Plafon (< 514,750,000)",TIDAK JOINT INCOME,TIDAK PISAH HARTA,46 - 55,"Kol 1, Tidak pernah menunggak",Rumah Tinggal (Rumah ke 1),"≥ 2, < 5",MENIKAH : ≥RP 10 JUTA,>= 15%,≥ 3X ANGSURAN,≥ 100% DARI GAJI,> 120 BULAN,>= 15%,Properti/kendaraan >= plafon,Lainnya,CAKUPAN AREA : LOKAL,MOU - Sertipikat Induk,Apartemen,Sedang dibangun,GREEN,LAYAK,Diterima
KARYAWAN,"Pembelian Baru / Primary, Apartemen Tipe 22 - 70","Plafon (514,750,000 - 894,632,536)",TIDAK JOINT INCOME,TIDAK PISAH HARTA,21 - 35,"Kol 1, Tidak pernah menunggak",Rumah Tinggal (Rumah ke 1),"≥ 2, < 5",SINGLE : ≥RP 10 JUTA,>= 15%,"≥ 1X ANGSURAN, < 3X ANGSURAN",≥ 100% DARI GAJI,> 120 BULAN,< 15%,Properti/kendaraan < 50% plafon,Lainnya,CAKUPAN AREA : LOKAL,MOU - Sertipikat Induk,Apartemen,Sedang dibangun,YELLOW,LAYAK,Diterima
KARYAWAN,"Pembelian Baru / Primary, Rumah Tinggal Tipe 22 - 70","Plafon (> 1,340,960,436)",TIDAK JOINT INCOME,TIDAK PISAH HARTA,21 - 35,"Kol 1, Tidak pernah menunggak",Rumah Tinggal (Rumah ke 1),≥ 5,SINGLE : ≥RP 20 JUTA,>= 15%,"≥ 1X ANGSURAN, < 3X ANGSURAN",≥ 100% DARI GAJI,> 120 BULAN,>= 15%,Properti/kendaraan < 50% plafon,"Keuangan, asuransi, perbankan",Multinasional,MOU - Sertipikat Induk,Rumah Tinggal,Sedang dibangun,GREEN,LAYAK,Diterima
KARYAWAN,"Pembelian Baru / Primary, Apartemen Tipe 22 - 70","Plafon (< 514,750,000)",TIDAK JOINT INCOME,TIDAK PISAH HARTA,36 - 45,"Kol 1, Tidak pernah menunggak",Rumah Tinggal (Rumah ke 1),≥ 5,MENIKAH : ≥RP 20 JUTA,>= 15%,< 1x angsuran,≥ 100% DARI GAJI,"> 60 BULAN, ≤ 120 BULAN",>= 15%,null < 50% plafon,Transportasi dan otomotif,Cakupan area : nasional,MOU - Sertipikat Induk,Apartemen,Sedang dibangun,GREEN,LAYAK,Diterima
PENGUSAHA,"Pembelian Baru / Primary, Apartemen Tipe 22 - 70","Plafon (514,750,000 - 894,632,536)",TIDAK JOINT INCOME,TIDAK PISAH HARTA,21 - 35,"Kol 1, Tidak pernah menunggak",Rumah Tinggal (Rumah ke 1),≥ 5,MENIKAH : ≥RP 20 JUTA,>= 15%,≥ 3X ANGSURAN,≥ 100% DARI OMSET,> 120 BULAN,>= 15%,Properti/kendaraan < 50% plafon,KONTRAKTOR/KONSULTAN/ARSITEK,CAKUPAN AREA : LOKAL,MOU - Sertipikat Induk,Apartemen,Sedang dibangun,GREEN,LAYAK,Diterima
PENGUSAHA,"Pembelian Baru / Primary, Apartemen Tipe 22 - 70","Plafon (< 514,750,000)",TIDAK JOINT INCOME,TIDAK PISAH HARTA,46 - 55,Data Tidak Tersedia,Rumah Tinggal (Rumah ke 1),"≥ 2, < 5",MENIKAH : ≥RP 20 JUTA,>= 15%,≥ 3X ANGSURAN,≥ 100% DARI OMSET,> 120 BULAN,< 15%,null < 50% plafon,Perdagangan / distribusi / eksport-import kebutuhan pokok,CAKUPAN AREA : LOKAL,MOU - Sertipikat Induk,Apartemen,Indent,GREEN,LAYAK,Diterima
KARYAWAN,"Pembelian Baru / Primary, Apartemen Tipe 22 - 70","Plafon (< 514,750,000)",TIDAK JOINT INCOME,TIDAK PISAH HARTA,21 - 35,"Kol 1, Tidak pernah menunggak",Rumah Tinggal (Rumah ke 1),"≥ 2, < 5",SINGLE : ≥RP 20 JUTA,>= 15%,≥ 3X ANGSURAN,≥ 100% DARI GAJI,"> 60 BULAN, ≤ 120 BULAN",>= 15%,Properti/kendaraan >= plafon,Lainnya,CAKUPAN AREA : LOKAL,MOU - Sertipikat Induk,Apartemen,Sedang dibangun,YELLOW,LAYAK,Diterima
KARYAWAN,"Pembelian Baru / Primary, Apartemen Tipe 22 - 70","Plafon (894,632,536 - 1,340,960,436)",TIDAK JOINT INCOME,TIDAK PISAH HARTA,21 - 35,Data Tidak Tersedia,Rumah Tinggal (Rumah ke 1),"≥ 2, < 5",SINGLE : ≥RP 20 JUTA,>= 15%,≥ 3X ANGSURAN,≥ 100% DARI GAJI,> 120 BULAN,< 15%,null < 50% plafon,Lainnya,Cakupan area : nasional,MOU - Sertipikat Induk,Apartemen,Sedang dibangun,GREEN,LAYAK,Diterima
PENGUSAHA,"Pembelian Baru / Primary, Rumah Tinggal > Tipe 70","Plafon (894,632,536 - 1,340,960,436)",TIDAK JOINT INCOME,TIDAK PISAH HARTA,21 - 35,"Kol 1, Tidak pernah menunggak",Rumah Tinggal (Rumah ke 1),"≥ 2, < 5",MENIKAH : ≥RP 20 JUTA,>= 15%,"≥ 1X ANGSURAN, < 3X ANGSURAN",≥ 70% DARI OMSET,> 120 BULAN,>= 15%,null < 50% plafon,Lainnya,CAKUPAN AREA : LOKAL,MOU - Sertipikat Induk,Rumah Tinggal,Indent,GREEN,LAYAK,Diterima
PENGUSAHA,"Pembelian Baru / Primary, Rumah Tinggal > Tipe 70","Plafon (514,750,000 - 894,632,536)",TIDAK JOINT INCOME,TIDAK PISAH HARTA,36 - 45,"Kol 1, Tidak pernah menunggak",Rumah Tinggal (Rumah ke 1),"≥ 2, < 5",MENIKAH : ≥RP 20 JUTA,>= 15%,"≥ 1X ANGSURAN, < 3X ANGSURAN",≥ 70% DARI OMSET,"> 60 BULAN, ≤ 120 BULAN",>= 15%,Properti/kendaraan >= plafon,Lainnya,CAKUPAN AREA : LOKAL,MOU - Sertipikat Induk,Rumah Tinggal,Indent,YELLOW,LAYAK,Diterima
KARYAWAN,"Pembelian Baru / Primary, Rumah Tinggal > Tipe 70","Plafon (894,632,536 - 1,340,960,436)",TIDAK JOINT INCOME,TIDAK PISAH HARTA,21 - 35,"Kol 1, Tidak pernah menunggak",Rumah Tinggal (Rumah ke 1),"≥ 2, < 5",SINGLE : ≥RP 20 JUTA,>= 15%,≥ 3X ANGSURAN,≥ 100% DARI GAJI,> 120 BULAN,>= 15%,null < 50% plafon,Lainnya,CAKUPAN AREA : LOKAL,MOU - Sertipikat Induk,Rumah Tinggal,Indent,GREEN,LAYAK,Diterima
KARYAWAN,"Pembelian Baru / Primary, Apartemen Tipe 22 - 70","Plafon (514,750,000 - 894,632,536)",TIDAK JOINT INCOME,TIDAK PISAH HARTA,46 - 55,"Kol 1, Tidak pernah menunggak",Rumah Tinggal (Rumah ke 1),≥ 5,MENIKAH : ≥RP 20 JUTA,>= 15%,≥ 3X ANGSURAN,≥ 100% DARI GAJI,"> 60 BULAN, ≤ 120 BULAN",>= 15%,null < 50% plafon,"Keuangan, asuransi, perbankan",Cakupan area : nasional,MOU - Sertipikat Induk,Apartemen,Sedang dibangun,YELLOW,LAYAK,Diterima
KARYAWAN,"Pembelian Baru / Primary, Apartemen Tipe 22 - 70","Plafon (514,750,000 - 894,632,536)",TIDAK JOINT INCOME,TIDAK PISAH HARTA,21 - 35,"Kol 1, Tidak pernah menunggak",Rumah Tinggal (Rumah ke 1),≥ 5,SINGLE : ≥RP 20 JUTA,>= 15%,≥ 3X ANGSURAN,≥ 100% DARI GAJI,"> 60 BULAN, ≤ 120 BULAN",>= 15%,50% plafon <= Properti/kendaraan<= 100% plafon,Trading tekstil dan garmen,Cakupan area : nasional,MOU - Sertipikat Induk,Apartemen,Sedang dibangun,GREEN,LAYAK,Diterima
KARYAWAN,"Pembelian Baru / Primary, Rumah Tinggal Tipe 22 - 70","Plafon (894,632,536 - 1,340,960,436)",TIDAK JOINT INCOME,TIDAK PISAH HARTA,21 - 35,"Kol 1, Tidak pernah menunggak",Rumah Tinggal (Rumah ke 1),"≥ 2, < 5",SINGLE : ≥RP 20 JUTA,>= 15%,≥ 3X ANGSURAN,≥ 100% DARI GAJI,> 120 BULAN,>= 15%,null < 50% plafon,Lainnya,Multinasional,MOU - Sertipikat Induk,Rumah Tinggal,Indent,YELLOW,LAYAK,Diterima
KARYAWAN,"Pembelian Baru / Primary, Rumah Tinggal > Tipe 70","Plafon (> 1,340,960,436)",TIDAK JOINT INCOME,TIDAK PISAH HARTA,21 - 35,"Kol 1, Tidak pernah menunggak",Rumah Tinggal (Rumah ke 1),≥ 5,SINGLE : ≥RP 20 JUTA,>= 15%,≥ 3X ANGSURAN,≥ 100% DARI GAJI,> 120 BULAN,>= 15%,Properti/kendaraan < 50% plafon,"Keuangan, asuransi, perbankan",Cakupan area : nasional,MOU - Sertipikat Induk,Rumah Tinggal,Indent,GREEN,LAYAK,Diterima
PENGUSAHA,"Pembelian Baru / Primary, Apartemen Tipe 22 - 70","Plafon (514,750,000 - 894,632,536)",TIDAK JOINT INCOME,TIDAK PISAH HARTA,36 - 45,"Kol 1, Tidak pernah menunggak",Rumah Tinggal (Rumah ke 1),≥ 5,SINGLE : ≥RP 10 JUTA,>= 15%,≥ 3X ANGSURAN,≥ 70% DARI OMSET,> 120 BULAN,>= 15%,Properti/kendaraan >= plafon,Lainnya,Cakupan area : nasional,MOU - Sertipikat Induk,Apartemen,Indent,GREEN,LAYAK,Diterima
KARYAWAN,"Pembelian Baru / Primary, Apartemen Tipe 22 - 70","Plafon (< 514,750,000)",TIDAK JOINT INCOME,TIDAK PISAH HARTA,36 - 45,"Kol 1, Tidak pernah menunggak",Investasi,≥ 5,MENIKAH : ≥RP 20 JUTA,>= 15%,≥ 3X ANGSURAN,≥ 100% DARI GAJI,> 120 BULAN,>= 15%,Properti/kendaraan >= plafon,"Keuangan, asuransi, perbankan",CAKUPAN AREA : LOKAL,MOU - Sertipikat Induk,Apartemen,Sedang dibangun,GREEN,LAYAK,Diterima
KARYAWAN,"Pembelian Baru / Primary, Apartemen Tipe 22 - 70","Plafon (< 514,750,000)",TIDAK JOINT INCOME,TIDAK PISAH HARTA,36 - 45,"Kol 1, Tidak pernah menunggak",Rumah Tinggal (Rumah ke 1),"≥ 2, < 5",MENIKAH : ≥RP 10 JUTA,>= 15%,≥ 3X ANGSURAN,≥ 100% DARI GAJI,"> 60 BULAN, ≤ 120 BULAN",>= 15%,Properti/kendaraan >= plafon,Pelayanan kesehatan,Cakupan area : nasional,MOU - Sertipikat Induk,Apartemen,Sedang dibangun,YELLOW,LAYAK,Diterima
KARYAWAN,"Pembelian Baru / Primary, Rumah Tinggal Tipe 22 - 70","Plafon (894,632,536 - 1,340,960,436)",TIDAK JOINT INCOME,TIDAK PISAH HARTA,21 - 35,"Kol 1, Tidak pernah menunggak",Rumah Tinggal (Rumah ke 1),"≥ 2, < 5",SINGLE : ≥RP 20 JUTA,>= 15%,≥ 3X ANGSURAN,≥ 100% DARI GAJI,> 120 BULAN,>= 15%,null < 50% plafon,Lainnya,Multinasional,MOU - Sertipikat Induk,Rumah Tinggal,Indent,YELLOW,LAYAK,Diterima
PENGUSAHA,"Pembelian Baru / Primary, Rumah Tinggal > Tipe 70","Plafon (> 1,340,960,436)",JOINT INCOME,TIDAK PISAH HARTA,46 - 55,Data Tidak Tersedia,Rumah Tinggal (Rumah ke 1),≥ 5,MENIKAH : ≥RP 20 JUTA,>= 15%,≥ 3X ANGSURAN,≥ 100% DARI OMSET,> 120 BULAN,>= 15%,null < 50% plafon,Lainnya,CAKUPAN AREA : LOKAL,MOU - Sertipikat Induk,Rumah Tinggal,Sedang dibangun,GREEN,LAYAK,Diterima
PENGUSAHA,"Pembelian Baru / Primary, Rumah Tinggal > Tipe 70","Plafon (> 1,340,960,436)",TIDAK JOINT INCOME,TIDAK PISAH HARTA,21 - 35,"Kol 1, Tidak pernah menunggak",Rumah Tinggal (Rumah ke 1),≥ 5,SINGLE : ≥RP 20 JUTA,>= 15%,"≥ 1X ANGSURAN, < 3X ANGSURAN",≥ 100% DARI OMSET,> 120 BULAN,>= 15%,null < 50% plafon,Lainnya,CAKUPAN AREA : LOKAL,MOU - Sertipikat Induk,Rumah Tinggal,Indent,GREEN,LAYAK,Diterima
KARYAWAN,"Pembelian Baru / Primary, Rumah Tinggal > Tipe 70","Plafon (514,750,000 - 894,632,536)",TIDAK JOINT INCOME,TIDAK PISAH HARTA,36 - 45,"Kol 1, Tidak pernah menunggak",Rumah Tinggal (Rumah ke 1),"≥ 2, < 5",MENIKAH : ≥RP 20 JUTA,>= 15%,≥ 3X ANGSURAN,≥ 100% DARI GAJI,> 120 BULAN,>= 15%,null < 50% plafon,"Keuangan, asuransi, perbankan",Public listed,MOU - Sertipikat Induk,Rumah Tinggal,Indent,GREEN,LAYAK,Diterima
KARYAWAN,"Pembelian Baru / Primary, Rumah Tinggal Tipe 22 - 70","Plafon (894,632,536 - 1,340,960,436)",TIDAK JOINT INCOME,TIDAK PISAH HARTA,36 - 45,"Kol 1, Pernah Kol 2 (sampai dengan 30 hari, tidak lebih dari 2 kali) dalam 1 tahun terakhir",Rumah Tinggal (Rumah ke 1),"≥ 2, < 5",SINGLE : ≥RP 20 JUTA,>= 15%,"≥ 1X ANGSURAN, < 3X ANGSURAN",≥ 100% DARI GAJI,> 120 BULAN,>= 15%,null < 50% plafon,"Keuangan, asuransi, perbankan",CAKUPAN AREA : LOKAL,MOU - Sertipikat Induk,Rumah Tinggal,Sedang dibangun,YELLOW,LAYAK,Diterima
KARYAWAN,"Pembelian Baru / Primary, Rumah Tinggal Tipe 22 - 70","Plafon (> 1,340,960,436)",TIDAK JOINT INCOME,TIDAK PISAH HARTA,21 - 35,Data Tidak Tersedia,Rumah Tinggal (Rumah ke 1),"≥ 2, < 5",MENIKAH : ≥RP 20 JUTA,>= 15%,"≥ 1X ANGSURAN, < 3X ANGSURAN",≥ 100% DARI GAJI,> 120 BULAN,>= 15%,50% plafon <= Properti/kendaraan<= 100% plafon,Perdagangan / distribusi / eksport-import kebutuhan pokok,Multinasional,MOU - Sertipikat Induk,Rumah Tinggal,Indent,GREEN,LAYAK,Diterima
KARYAWAN,"Pembelian Baru / Primary, Rumah Tinggal Tipe 22 - 70","Plafon (894,632,536 - 1,340,960,436)",TIDAK JOINT INCOME,TIDAK PISAH HARTA,21 - 35,"Kol 1, Tidak pernah menunggak",Rumah Tinggal (Rumah ke 1),≥ 5,SINGLE : ≥RP 20 JUTA,>= 15%,≥ 3X ANGSURAN,≥ 100% DARI GAJI,> 120 BULAN,>= 15%,null < 50% plafon,Lainnya,Cakupan area : nasional,MOU - Sertipikat Induk,Apartemen,Indent,YELLOW,LAYAK,Diterima
KARYAWAN,"Pembelian Baru / Primary, Rumah Tinggal > Tipe 70","Plafon (894,632,536 - 1,340,960,436)",TIDAK JOINT INCOME,PISAH HARTA,36 - 45,Data Tidak Tersedia,Rumah Tinggal (Rumah ke 1),"≥ 2, < 5","SINGLE : ≥RP 10 JUTA,  <RP 20 JUTA",>= 15%,≥ 3X ANGSURAN,≥ 100% DARI GAJI,> 120 BULAN,>= 15%,Properti/kendaraan < 50% plafon,Perdagangan / distribusi / eksport-import kebutuhan pokok,Cakupan area : nasional,MOU - Sertipikat Induk,Rumah Tinggal,Indent,YELLOW,LAYAK,Diterima
PENGUSAHA,"Pembelian Baru / Primary, Rumah Tinggal > Tipe 70","Plafon (> 1,340,960,436)",TIDAK JOINT INCOME,TIDAK PISAH HARTA,46 - 55,"Kol 1, Tidak pernah menunggak",RUMAH TINGGAL (RUMAH KE 2/3),≥ 5,SINGLE : ≥RP 20 JUTA,>= 15%,"≥ 1X ANGSURAN, < 3X ANGSURAN",< 50% DARI OMZET,> 120 BULAN,>= 15%,null < 50% plafon,"Farmasi, kosmetik dan alat kedokteran",CAKUPAN AREA : LOKAL,MOU - Sertipikat Induk,Rumah Tinggal,Indent,YELLOW,LAYAK,Diterima
KARYAWAN,"Pembelian Baru / Primary, Apartemen < Tipe 22","Plafon (< 514,750,000)",JOINT INCOME,TIDAK PISAH HARTA,36 - 45,"Kol 1, Tidak pernah menunggak",Rumah Tinggal (Rumah ke 1),≥ 5,MENIKAH : ≥RP 20 JUTA,>= 15%,"≥ 1X ANGSURAN, < 3X ANGSURAN",≥ 100% DARI GAJI,"> 60 BULAN, ≤ 120 BULAN",>= 15%,50% plafon <= Properti/kendaraan<= 100% plafon,Pendidikan,Cakupan area : nasional,MOU - Sertipikat Induk,Apartemen,Indent,GREEN,LAYAK,Diterima
KARYAWAN,"Pembelian Baru / Primary, Apartemen Tipe 22 - 70","Plafon (514,750,000 - 894,632,536)",TIDAK JOINT INCOME,TIDAK PISAH HARTA,21 - 35,Data Tidak Tersedia,Rumah Tinggal (Rumah ke 1),"≥ 2, < 5","SINGLE : ≥RP 10 JUTA,  <RP 20 JUTA",>= 15%,≥ 3X ANGSURAN,≥ 100% DARI GAJI,> 120 BULAN,>= 15%,null < 50% plafon,Perdagangan / distribusi / eksport-import kebutuhan pokok,Cakupan area : nasional,MOU - Sertipikat Induk,Apartemen,Indent,GREEN,LAYAK,Diterima
PENGUSAHA,"Pembelian Baru / Primary, Rumah Tinggal > Tipe 70","Plafon (894,632,536 - 1,340,960,436)",JOINT INCOME,TIDAK PISAH HARTA,21 - 35,Data Tidak Tersedia,RUMAH TINGGAL (RUMAH KE 2/3),≥ 5,MENIKAH : ≥RP 20 JUTA,>= 15%,≥ 3X ANGSURAN,"≥ 70%, < 100% DARI OMZET",> 120 BULAN,>= 15%,DEPOSITO/INVES/EMAS ≥ plafon,Perdagangan / distribusi / eksport-import kebutuhan pokok,Cakupan area : nasional,MOU - Sertipikat Pecah,Rumah Tinggal,Sedang dibangun,YELLOW,LAYAK,Diterima
KARYAWAN,"Pembelian Baru / Primary, Apartemen Tipe 22 - 70","Plafon (894,632,536 - 1,340,960,436)",TIDAK JOINT INCOME,TIDAK PISAH HARTA,21 - 35,"Kol 1, Tidak pernah menunggak",Rumah Tinggal (Rumah ke 1),≥ 5,"MENIKAH : ≥RP 10 JUTA,  <RP 20 JUTA",>= 15%,≥ 3X ANGSURAN,≥ 100% DARI GAJI,> 120 BULAN,>= 15%,null < 50% plafon,Transportasi dan otomotif,Multinasional,MOU - Sertipikat Induk,Apartemen,Sedang dibangun,YELLOW,LAYAK,Diterima
PENGUSAHA,"Pembelian Baru / Primary, Rumah Tinggal > Tipe 70","Plafon (> 1,340,960,436)",TIDAK JOINT INCOME,TIDAK PISAH HARTA,21 - 35,"Kol 1, Tidak pernah menunggak",Rumah Tinggal (Rumah ke 1),≥ 5,MENIKAH : ≥RP 20 JUTA,>= 15%,≥ 3X ANGSURAN,≥ 100% DARI OMSET,> 120 BULAN,>= 15%,null < 50% plafon,Lainnya,CAKUPAN AREA : LOKAL,"SHM, SERTIPIKAT PECAH",Rumah Tinggal,Indent,YELLOW,LAYAK,Diterima
PENGUSAHA,"Pembelian Baru / Primary, Rumah Tinggal > Tipe 70","Plafon (894,632,536 - 1,340,960,436)",JOINT INCOME,TIDAK PISAH HARTA,21 - 35,Data Tidak Tersedia,RUMAH TINGGAL (RUMAH KE 2/3),≥ 5,MENIKAH : ≥RP 20 JUTA,>= 15%,≥ 3X ANGSURAN,"≥ 70%, < 100% DARI OMZET",> 120 BULAN,>= 15%,DEPOSITO/INVES/EMAS ≥ plafon,Perdagangan / distribusi / eksport-import kebutuhan pokok,Cakupan area : nasional,MOU - Sertipikat Pecah,Rumah Tinggal,Sedang dibangun,YELLOW,LAYAK,Diterima
KARYAWAN,"Pembelian Baru / Primary, Apartemen Tipe 22 - 70","Plafon (514,750,000 - 894,632,536)",TIDAK JOINT INCOME,TIDAK PISAH HARTA,21 - 35,"Kol 1, Tidak pernah menunggak",Rumah Tinggal (Rumah ke 1),"≥ 2, < 5","SINGLE : ≥RP 6 JUTA, < RP. 10 JUTA",>= 15%,"≥ 1X ANGSURAN, < 3X ANGSURAN",≥ 100% DARI GAJI,> 120 BULAN,>= 15%,null < 50% plafon,Lainnya,Cakupan area : nasional,MOU - Sertipikat Induk,Apartemen,Indent,YELLOW,LAYAK,Diterima
KARYAWAN,"Pembelian Baru / Primary, Apartemen Tipe 22 - 70","Plafon (< 514,750,000)",TIDAK JOINT INCOME,TIDAK PISAH HARTA,21 - 35,"Kol 1, Tidak pernah menunggak",Investasi,"≥ 2, < 5",SINGLE : ≥RP 20 JUTA,>= 15%,≥ 3X ANGSURAN,≥ 100% DARI GAJI,> 120 BULAN,>= 15%,Properti/kendaraan >= plafon,"Keuangan, asuransi, perbankan",Cakupan area : nasional,MOU - Sertipikat Induk,Apartemen,Indent,YELLOW,LAYAK,Diterima
KARYAWAN,"Pembelian Baru / Primary, Rumah Tinggal Tipe 22 - 70","Plafon (894,632,536 - 1,340,960,436)",TIDAK JOINT INCOME,TIDAK PISAH HARTA,21 - 35,"Kol 1, Tidak pernah menunggak",Rumah Tinggal (Rumah ke 1),"≥ 2, < 5","SINGLE : ≥RP 10 JUTA,  <RP 20 JUTA",>= 15%,"≥ 1X ANGSURAN, < 3X ANGSURAN",≥ 100% DARI GAJI,> 120 BULAN,>= 15%,null < 50% plafon,Perdagangan / distribusi / eksport-import kebutuhan pokok,Cakupan area : nasional,MOU - Sertipikat Induk,Rumah Tinggal,Sedang dibangun,YELLOW,LAYAK,Diterima
KARYAWAN,"Pembelian Baru / Primary, Apartemen Tipe 22 - 70","Plafon (894,632,536 - 1,340,960,436)",TIDAK JOINT INCOME,TIDAK PISAH HARTA,21 - 35,"Kol 1, Tidak pernah menunggak",Rumah Tinggal (Rumah ke 1),"≥ 2, < 5","SINGLE : ≥RP 10 JUTA,  <RP 20 JUTA",>= 15%,≥ 3X ANGSURAN,≥ 100% DARI GAJI,> 120 BULAN,>= 15%,null < 50% plafon,"Farmasi, kosmetik dan alat kedokteran",Cakupan area : nasional,MOU - Sertipikat Induk,Apartemen,Indent,YELLOW,LAYAK,Diterima
KARYAWAN,"Pembelian Baru / Primary, Rumah Tinggal Tipe 22 - 70","Plafon (> 1,340,960,436)",TIDAK JOINT INCOME,TIDAK PISAH HARTA,21 - 35,Data Tidak Tersedia,Rumah Tinggal (Rumah ke 1),"≥ 2, < 5",MENIKAH : ≥RP 20 JUTA,>= 15%,"≥ 1X ANGSURAN, < 3X ANGSURAN",≥ 100% DARI GAJI,> 120 BULAN,>= 15%,50% plafon <= Properti/kendaraan<= 100% plafon,Perdagangan / distribusi / eksport-import kebutuhan pokok,Multinasional,MOU - Sertipikat Induk,Rumah Tinggal,Indent,GREEN,LAYAK,Diterima
KARYAWAN,"Pembelian Baru / Primary, Rumah Tinggal > Tipe 70","Plafon (> 1,340,960,436)",TIDAK JOINT INCOME,TIDAK PISAH HARTA,36 - 45,Data Tidak Tersedia,Rumah Tinggal (Rumah ke 1),≥ 5,SINGLE : ≥RP 20 JUTA,>= 15%,≥ 3X ANGSURAN,≥ 100% DARI GAJI,> 120 BULAN,>= 15%,50% plafon <= Properti/kendaraan<= 100% plafon,Lainnya,Cakupan area : nasional,MOU - Sertipikat Induk,Rumah Tinggal,Sedang dibangun,GREEN,LAYAK,Diterima
KARYAWAN,"Pembelian Baru / Primary, Rumah Tinggal > Tipe 70","Plafon (894,632,536 - 1,340,960,436)",TIDAK JOINT INCOME,PISAH HARTA,36 - 45,Data Tidak Tersedia,Rumah Tinggal (Rumah ke 1),< 2,"SINGLE : ≥RP 10 JUTA,  <RP 20 JUTA",>= 15%,≥ 3X ANGSURAN,≥ 100% DARI GAJI,> 120 BULAN,>= 15%,Properti/kendaraan < 50% plafon,Perdagangan / distribusi / eksport-import kebutuhan pokok,Cakupan area : nasional,MOU - Sertipikat Induk,Rumah Tinggal,Indent,YELLOW,LAYAK,Diterima
KARYAWAN,"Pembelian Baru / Primary, Apartemen Tipe 22 - 70","Plafon (< 514,750,000)",TIDAK JOINT INCOME,TIDAK PISAH HARTA,21 - 35,"Kol 1, Tidak pernah menunggak",Rumah Tinggal (Rumah ke 1),"≥ 2, < 5",SINGLE : ≥RP 20 JUTA,>= 15%,≥ 3X ANGSURAN,≥ 100% DARI GAJI,> 120 BULAN,>= 15%,50% plafon <= Properti/kendaraan<= 100% plafon,Lainnya,CAKUPAN AREA : LOKAL,MOU - Sertipikat Induk,Apartemen,Sedang dibangun,GREEN,LAYAK,Diterima
PENGUSAHA,"Pembelian Baru / Primary, Rumah Tinggal > Tipe 70","Plafon (> 1,340,960,436)",TIDAK JOINT INCOME,TIDAK PISAH HARTA,46 - 55,"Kol 1, Tidak pernah menunggak",RUMAH TINGGAL (RUMAH KE 2/3),≥ 5,SINGLE : ≥RP 20 JUTA,>= 15%,"≥ 1X ANGSURAN, < 3X ANGSURAN",< 50% DARI OMZET,> 120 BULAN,>= 15%,null < 50% plafon,"Farmasi, kosmetik dan alat kedokteran",CAKUPAN AREA : LOKAL,MOU - Sertipikat Induk,Rumah Tinggal,Indent,YELLOW,LAYAK,Diterima
KARYAWAN,"Pembelian Baru / Primary, Apartemen Tipe 22 - 70","Plafon (514,750,000 - 894,632,536)",TIDAK JOINT INCOME,TIDAK PISAH HARTA,21 - 35,Data Tidak Tersedia,Rumah Tinggal (Rumah ke 1),"≥ 2, < 5","SINGLE : ≥RP 10 JUTA,  <RP 20 JUTA",>= 15%,≥ 3X ANGSURAN,≥ 100% DARI GAJI,> 120 BULAN,>= 15%,null < 50% plafon,Perdagangan / distribusi / eksport-import kebutuhan pokok,Cakupan area : nasional,MOU - Sertipikat Induk,Apartemen,Indent,GREEN,LAYAK,Diterima
KARYAWAN,"Pembelian Baru / Primary, Rumah Tinggal > Tipe 70","Plafon (> 1,340,960,436)",TIDAK JOINT INCOME,TIDAK PISAH HARTA,36 - 45,"Kol 1, Tidak pernah menunggak",Rumah Tinggal (Rumah ke 1),≥ 5,SINGLE : ≥RP 20 JUTA,>= 15%,≥ 3X ANGSURAN,≥ 100% DARI GAJI,> 120 BULAN,>= 15%,50% plafon <= Properti/kendaraan<= 100% plafon,Lainnya,Cakupan area : nasional,MOU - Sertipikat Induk,Rumah Tinggal,Sedang dibangun,GREEN,LAYAK,Diterima
KARYAWAN,"Pembelian Baru / Primary, Apartemen < Tipe 22","Plafon (< 514,750,000)",JOINT INCOME,TIDAK PISAH HARTA,36 - 45,"Kol 1, Tidak pernah menunggak",Rumah Tinggal (Rumah ke 1),≥ 5,MENIKAH : ≥RP 20 JUTA,>= 15%,"≥ 1X ANGSURAN, < 3X ANGSURAN",≥ 100% DARI GAJI,"> 60 BULAN, ≤ 120 BULAN",>= 15%,50% plafon <= Properti/kendaraan<= 100% plafon,Pendidikan,Cakupan area : nasional,MOU - Sertipikat Induk,Apartemen,Indent,GREEN,LAYAK,Diterima
PENGUSAHA,"Pembelian Baru / Primary, Rumah Tinggal > Tipe 70","Plafon (894,632,536 - 1,340,960,436)",JOINT INCOME,TIDAK PISAH HARTA,21 - 35,Data Tidak Tersedia,RUMAH TINGGAL (RUMAH KE 2/3),≥ 5,MENIKAH : ≥RP 20 JUTA,>= 15%,≥ 3X ANGSURAN,"≥ 70%, < 100% DARI OMZET",> 120 BULAN,>= 15%,DEPOSITO/INVES/EMAS < 50% plafon,Perdagangan / distribusi / eksport-import kebutuhan pokok,Cakupan area : nasional,MOU - Sertipikat Pecah,Rumah Tinggal,Sedang dibangun,YELLOW,LAYAK,Diterima
KARYAWAN,"Pembelian Baru / Primary, Apartemen Tipe 22 - 70","Plafon (514,750,000 - 894,632,536)",TIDAK JOINT INCOME,TIDAK PISAH HARTA,21 - 35,"Kol 1, Tidak pernah menunggak",Rumah Tinggal (Rumah ke 1),"≥ 2, < 5","SINGLE : ≥RP 6 JUTA, < RP. 10 JUTA",>= 15%,"≥ 1X ANGSURAN, < 3X ANGSURAN",≥ 100% DARI GAJI,> 120 BULAN,>= 15%,null < 50% plafon,Lainnya,Cakupan area : nasional,MOU - Sertipikat Induk,Apartemen,Indent,YELLOW,LAYAK,Diterima
KARYAWAN,"Pembelian Baru / Primary, Rumah Tinggal Tipe 22 - 70","Plafon (> 1,340,960,436)",TIDAK JOINT INCOME,TIDAK PISAH HARTA,21 - 35,Data Tidak Tersedia,Rumah Tinggal (Rumah ke 1),"≥ 2, < 5",MENIKAH : ≥RP 20 JUTA,>= 15%,"≥ 1X ANGSURAN, < 3X ANGSURAN",≥ 100% DARI GAJI,> 120 BULAN,>= 15%,50% plafon <= Properti/kendaraan<= 100% plafon,Perdagangan / distribusi / eksport-import kebutuhan pokok,Multinasional,MOU - Sertipikat Induk,Rumah Tinggal,Indent,GREEN,TIDAK,Ditolak
KARYAWAN,"Pembelian Baru / Primary, Apartemen Tipe 22 - 70","Plafon (894,632,536 - 1,340,960,436)",TIDAK JOINT INCOME,TIDAK PISAH HARTA,36 - 45,"Kol 1, Pernah Kol 2 (30 s.d 60 hari & lebih dari 2 kali) dalam 1 tahun terakhir",Rumah Tinggal (Rumah ke 1),≥ 5,SINGLE : ≥RP 20 JUTA,>= 15%,≥ 3X ANGSURAN,≥ 100% DARI GAJI,> 120 BULAN,>= 15%,null < 50% plafon,Lainnya,Cakupan area : nasional,MOU - Sertipikat Induk,Apartemen,Indent,YELLOW,TIDAK,Ditolak
KARYAWAN,"Pembelian Baru / Primary, Rumah Tinggal > Tipe 70","Plafon (894,632,536 - 1,340,960,436)",TIDAK JOINT INCOME,TIDAK PISAH HARTA,46 - 55,"Kol 1, Tidak pernah menunggak",Rumah Tinggal (Rumah ke 1),< 2,"MENIKAH : ≥RP 10 JUTA,  <RP 20 JUTA",>= 15%,≥ 3X ANGSURAN,≥ 100% DARI GAJI,> 120 BULAN,>= 15%,Properti/kendaraan < 50% plafon,Perdagangan / distribusi / eksport-import kebutuhan pokok,Cakupan area : nasional,MOU - Sertipikat Induk,Rumah Tinggal,Indent,YELLOW,TIDAK,Ditolak
KARYAWAN,"Pembelian Baru / Primary, Rumah Tinggal Tipe 22 - 70","Plafon (< 514,750,000)",TIDAK JOINT INCOME,TIDAK PISAH HARTA,21 - 35,"Kol 1, Tidak pernah menunggak",Rumah Tinggal (Rumah ke 1),"≥ 2, < 5","SINGLE : ≥RP 6 JUTA, < RP. 10 JUTA",< 15%,≥ 3X ANGSURAN,≥ 100% DARI GAJI,> 120 BULAN,< 15%,Properti/kendaraan < 50% plafon,Lainnya,CAKUPAN AREA : LOKAL,MOU - Sertipikat Induk,Rumah Tinggal,Sedang dibangun,RED,LAYAK,Ditolak
KARYAWAN,"Pembelian Baru / Primary, Rumah Tinggal Tipe 22 - 70","Plafon (894,632,536 - 1,340,960,436)",TIDAK JOINT INCOME,TIDAK PISAH HARTA,21 - 35,"Kol 1, Pernah Kol 2 (tidak lebih dari 30 hari) dalam 1 tahun terakhir",Rumah Tinggal (Rumah ke 1),"≥ 2, < 5","MENIKAH : ≥RP 10 JUTA,  <RP 20 JUTA",< 15%,≥ 3X ANGSURAN,≥ 100% DARI GAJI,> 120 BULAN,< 15%,Properti/kendaraan < 50% plafon,Lainnya,Cakupan area : nasional,MOU - Sertipikat Induk,Rumah Tinggal,Sedang dibangun,RED,LAYAK,Ditolak
KARYAWAN,"Pembelian Baru / Primary, Apartemen Tipe 22 - 70","Plafon (894,632,536 - 1,340,960,436)",TIDAK JOINT INCOME,TIDAK PISAH HARTA,21 - 35,"Kol 1, Tidak pernah menunggak",Rumah Tinggal (Rumah ke 1),"≥ 2, < 5",SINGLE : ≥RP 20 JUTA,>= 15%,≥ 3X ANGSURAN,≥ 100% DARI GAJI,> 120 BULAN,>= 15%,null < 50% plafon,KONTRAKTOR/KONSULTAN/ARSITEK,Multinasional,MOU - Sertipikat Induk,Apartemen,Indent,GREEN,TIDAK,Ditolak
KARYAWAN,"Pembelian Baru / Primary, Rumah Tinggal > Tipe 70","Plafon (> 1,340,960,436)",TIDAK JOINT INCOME,TIDAK PISAH HARTA,36 - 45,"Kol 1, Pernah Kol 2 (tidak lebih dari 30 hari) dalam 1 tahun terakhir",Rumah Tinggal (Rumah ke 1),≥ 5,SINGLE : ≥RP 20 JUTA,>= 15%,≥ 3X ANGSURAN,≥ 100% DARI GAJI,> 120 BULAN,>= 15%,50% plafon <= Properti/kendaraan<= 100% plafon,Lainnya,Cakupan area : nasional,MOU - Sertipikat Induk,Rumah Tinggal,Sedang dibangun,GREEN,TIDAK,Ditolak
KARYAWAN,"Pembelian Baru / Primary, Apartemen Tipe 22 - 70","Plafon (< 514,750,000)",TIDAK JOINT INCOME,TIDAK PISAH HARTA,21 - 35,"Kol 1, Tidak pernah menunggak",Rumah Tinggal (Rumah ke 1),"≥ 2, < 5",SINGLE : ≥RP 20 JUTA,>= 15%,≥ 3X ANGSURAN,≥ 100% DARI GAJI,> 120 BULAN,>= 15%,50% plafon <= Properti/kendaraan<= 100% plafon,Lainnya,CAKUPAN AREA : LOKAL,MOU - Sertipikat Induk,Apartemen,Sedang dibangun,GREEN,TIDAK,Ditolak
KARYAWAN,"Pembelian Baru / Primary, Rumah Tinggal Tipe 22 - 70","Plafon (514,750,000 - 894,632,536)",TIDAK JOINT INCOME,TIDAK PISAH HARTA,21 - 35,Data Tidak Tersedia,Rumah Tinggal (Rumah ke 1),"≥ 2, < 5","SINGLE : ≥RP 10 JUTA,  <RP 20 JUTA",>= 15%,≥ 3X ANGSURAN,≥ 100% DARI GAJI,> 120 BULAN,>= 15%,Properti/kendaraan < 50% plafon,Lainnya,CAKUPAN AREA : LOKAL,MOU - Sertipikat Induk,Rumah Tinggal,Sedang dibangun,GREEN,TIDAK,Ditolak
KARYAWAN,"Pembelian Baru / Primary, Apartemen < Tipe 22","Plafon (< 514,750,000)",TIDAK JOINT INCOME,TIDAK PISAH HARTA,36 - 45,"Kol 1, Pernah Kol 2 (tidak lebih dari 30 hari) dalam 1 tahun terakhir",Rumah Tinggal (Rumah ke 1),"≥ 2, < 5","MENIKAH : ≥RP 10 JUTA,  <RP 20 JUTA",>= 15%,≥ 3X ANGSURAN,≥ 100% DARI GAJI,"> 60 BULAN, ≤ 120 BULAN",>= 15%,Properti/kendaraan >= plafon,Lainnya,Multinasional,MOU - Sertipikat Induk,Apartemen,Sedang dibangun,GREEN,TIDAK,Ditolak
PENGUSAHA,"Pembelian Baru / Primary, Apartemen Tipe 22 - 70","Plafon (514,750,000 - 894,632,536)",TIDAK JOINT INCOME,TIDAK PISAH HARTA,56 - 65,"Kol 1, Tidak pernah menunggak",Investasi,≥ 5,MENIKAH : ≥RP 20 JUTA,>= 15%,≥ 3X ANGSURAN,"≥ 70%, < 100% DARI OMZET","> 60 BULAN, ≤ 120 BULAN",>= 15%,Properti/kendaraan >= plafon,Lainnya,CAKUPAN AREA : LOKAL,MOU - Sertipikat Induk,Apartemen,Indent,GREEN,TIDAK,Ditolak
PENGUSAHA,"Pembelian Baru / Primary, Rumah Tinggal > Tipe 70","Plafon (> 1,340,960,436)",TIDAK JOINT INCOME,TIDAK PISAH HARTA,46 - 55,"Kol 1, Tidak pernah menunggak",RUMAH TINGGAL (RUMAH KE 2/3),≥ 5,MENIKAH : ≥RP 20 JUTA,>= 15%,≥ 3X ANGSURAN,"≥ 70%, < 100% DARI OMZET","> 60 BULAN, ≤ 120 BULAN",>= 15%,50% plafon <= Properti/kendaraan<= 100% plafon,Transportasi dan otomotif,CAKUPAN AREA : LOKAL,MOU - Sertipikat Induk,Rumah Tinggal,Indent,GREEN,TIDAK,Ditolak
KARYAWAN,"Pembelian Baru / Primary, Rumah Tinggal > Tipe 70","Plafon (894,632,536 - 1,340,960,436)",TIDAK JOINT INCOME,TIDAK PISAH HARTA,21 - 35,"Kol 1, Tidak pernah menunggak",Rumah Tinggal (Rumah ke 1),"≥ 2, < 5",MENIKAH : ≥RP 20 JUTA,>= 15%,"≥ 1X ANGSURAN, < 3X ANGSURAN",≥ 100% DARI GAJI,> 120 BULAN,>= 15%,Properti/kendaraan < 50% plafon,Lainnya,Cakupan area : nasional,MOU - Sertipikat Induk,Rumah Tinggal,Sedang dibangun,GREEN,TIDAK,Ditolak
KARYAWAN,"Pembelian Baru / Primary, Rumah Tinggal Tipe 22 - 70","Plafon (514,750,000 - 894,632,536)",JOINT INCOME,TIDAK PISAH HARTA,21 - 35,"Kol 1, Tidak pernah menunggak",Rumah Tinggal (Rumah ke 1),≥ 5,MENIKAH : ≥RP 20 JUTA,>= 15%,"≥ 1X ANGSURAN, < 3X ANGSURAN",≥ 100% DARI GAJI,> 120 BULAN,>= 15%,DEPOSITO/INVES/EMAS < 50% plafon,Lainnya,CAKUPAN AREA : LOKAL,"SHGB, SERTIPIKAT PECAH",Rumah Tinggal,Indent,GREEN,TIDAK,Ditolak
PENGUSAHA,"Pembelian Baru / Primary, Rumah Tinggal Tipe 22 - 70","Plafon (514,750,000 - 894,632,536)",JOINT INCOME,TIDAK PISAH HARTA,46 - 55,"Kol 1, Tidak pernah menunggak",Rumah Tinggal (Rumah ke 1),"≥ 2, < 5",MENIKAH : ≥RP 20 JUTA,< 15%,≥ 3X ANGSURAN,≥ 100% DARI OMSET,"> 60 BULAN, ≤ 120 BULAN",< 15%,null < 50% plafon,Perdagangan / distribusi / eksport-import kebutuhan pokok,Multinasional,"SHM, SERTIPIKAT PECAH",Rumah Tinggal,Indent,RED,TIDAK,Ditolak
PENGUSAHA,"Pembelian Baru / Primary, Apartemen Tipe 22 - 70","Plafon (514,750,000 - 894,632,536)",TIDAK JOINT INCOME,TIDAK PISAH HARTA,46 - 55,"Kol 1, Pernah Kol 2 (tidak lebih dari 30 hari) dalam 1 tahun terakhir",Investasi,≥ 5,MENIKAH : ≥RP 20 JUTA,>= 15%,≥ 3X ANGSURAN,≥ 100% DARI OMSET,"> 60 BULAN, ≤ 120 BULAN",>= 15%,Properti/kendaraan >= plafon,Lainnya,CAKUPAN AREA : LOKAL,MOU - Sertipikat Induk,Apartemen,Indent,GREEN,TIDAK,Ditolak
PENGUSAHA,"Pembelian Baru / Primary, Rumah Tinggal Tipe 22 - 70","Plafon (894,632,536 - 1,340,960,436)",JOINT INCOME,TIDAK PISAH HARTA,36 - 45,"Kol 1, Pernah Kol 2 (tidak lebih dari 30 hari) dalam 1 tahun terakhir",RUMAH TINGGAL (RUMAH KE 2/3),"≥ 2, < 5",MENIKAH : ≥RP 20 JUTA,>= 15%,≥ 3X ANGSURAN,≥ 100% DARI OMSET,"> 60 BULAN, ≤ 120 BULAN",>= 15%,DEPOSITO/INVES/EMAS < 50% plafon,Lainnya,CAKUPAN AREA : LOKAL,MOU - Sertipikat Induk,Rumah Tinggal,Indent,GREEN,LAYAK,Ditolak
PENGUSAHA,"Pembelian Baru / Primary, Rumah Tinggal > Tipe 70","Plafon (514,750,000 - 894,632,536)",TIDAK JOINT INCOME,TIDAK PISAH HARTA,56 - 65,"Kol 1, Tidak pernah menunggak",RUMAH TINGGAL (RUMAH KE 2/3),≥ 5,MENIKAH : ≥RP 20 JUTA,< 15%,"≥ 1X ANGSURAN, < 3X ANGSURAN",< 50% DARI OMZET,"> 60 BULAN, ≤ 120 BULAN",< 15%,Properti/kendaraan >= plafon,Lainnya,CAKUPAN AREA : LOKAL,MOU - Sertipikat Induk,Rumah Tinggal,Sedang dibangun,RED,TIDAK,Ditolak
KARYAWAN,"Pembelian Baru / Primary, Apartemen > Tipe 70","Plafon (894,632,536 - 1,340,960,436)",TIDAK JOINT INCOME,TIDAK PISAH HARTA,36 - 45,"Kol 1, Tidak pernah menunggak",Rumah Tinggal (Rumah ke 1),"≥ 2, < 5",SINGLE : ≥RP 20 JUTA,>= 15%,≥ 3X ANGSURAN,≥ 100% DARI GAJI,> 120 BULAN,>= 15%,50% plafon <= Properti/kendaraan<= 100% plafon,Lainnya,CAKUPAN AREA : LOKAL,MOU - Sertipikat Induk,Apartemen,Sedang dibangun,GREEN,TIDAK,Ditolak
KARYAWAN,"Pembelian Baru / Primary, Rumah Tinggal Tipe 22 - 70","Plafon (894,632,536 - 1,340,960,436)",JOINT INCOME,TIDAK PISAH HARTA,36 - 45,Data Tidak Tersedia,RUMAH TINGGAL (RUMAH KE 2/3),≥ 5,MENIKAH : ≥RP 20 JUTA,>= 15%,"≥ 1X ANGSURAN, < 3X ANGSURAN",≥ 100% DARI GAJI,> 120 BULAN,>= 15%,null < 50% plafon,KONTRAKTOR/KONSULTAN/ARSITEK,CAKUPAN AREA : LOKAL,MOU - Sertipikat Induk,Rumah Tinggal,Indent,GREEN,TIDAK,Ditolak
PENGUSAHA,"Pembelian Baru / Primary, Apartemen Tipe 22 - 70","Plafon (514,750,000 - 894,632,536)",TIDAK JOINT INCOME,TIDAK PISAH HARTA,56 - 65,"Kol 1, Tidak pernah menunggak",Rumah Tinggal (Rumah ke 1),≥ 5,MENIKAH : ≥RP 20 JUTA,< 15%,≥ 3X ANGSURAN,≥ 100% DARI OMSET,"> 60 BULAN, ≤ 120 BULAN",< 15%,Properti/kendaraan >= plafon,Lainnya,Cakupan area : nasional,MOU - Sertipikat Induk,Apartemen,Sedang dibangun,RED,TIDAK,Ditolak
KARYAWAN,"Pembelian Baru / Primary, Rumah Tinggal > Tipe 70","Plafon (894,632,536 - 1,340,960,436)",TIDAK JOINT INCOME,TIDAK PISAH HARTA,36 - 45,Data Tidak Tersedia,Rumah Tinggal (Rumah ke 1),"≥ 2, < 5","SINGLE : ≥RP 10 JUTA,  <RP 20 JUTA",>= 15%,≥ 3X ANGSURAN,≥ 100% DARI GAJI,> 120 BULAN,>= 15%,Properti/kendaraan < 50% plafon,Lainnya,Public listed,MOU - Sertipikat Induk,Rumah Tinggal,Indent,YELLOW,TIDAK,Ditolak
KARYAWAN,"Pembelian Baru / Primary, Apartemen > Tipe 70","Plafon (894,632,536 - 1,340,960,436)",JOINT INCOME,TIDAK PISAH HARTA,21 - 35,"Kol 1, Tidak pernah menunggak",Rumah Tinggal (Rumah ke 1),≥ 5,MENIKAH : ≥RP 20 JUTA,>= 15%,< 1x angsuran,≥ 100% DARI GAJI,> 120 BULAN,>= 15%,DEPOSITO/INVES/EMAS < 50% plafon,Lainnya,Cakupan area : nasional,MOU - Sertipikat Induk,Apartemen,Indent,YELLOW,TIDAK,Ditolak
KARYAWAN,"Pembelian Baru / Primary, Apartemen > Tipe 70","Plafon (> 1,340,960,436)",TIDAK JOINT INCOME,TIDAK PISAH HARTA,36 - 45,"Kol 1, Tidak pernah menunggak",Rumah Tinggal (Rumah ke 1),≥ 5,MENIKAH : ≥RP 20 JUTA,>= 15%,≥ 3X ANGSURAN,≥ 100% DARI GAJI,> 120 BULAN,>= 15%,null < 50% plafon,Lainnya,Multinasional,MOU - Sertipikat Induk,Apartemen,Sedang dibangun,GREEN,TIDAK,Ditolak
KARYAWAN,"Pembelian Baru / Primary, Rumah Tinggal Tipe 22 - 70","Plafon (894,632,536 - 1,340,960,436)",TIDAK JOINT INCOME,TIDAK PISAH HARTA,46 - 55,"Kol 3, 4 atau 5",RUMAH TINGGAL (RUMAH KE 2/3),"≥ 2, < 5",SINGLE : ≥RP 20 JUTA,>= 15%,≥ 3X ANGSURAN,≥ 100% DARI GAJI,"> 60 BULAN, ≤ 120 BULAN",>= 15%,null < 50% plafon,KONTRAKTOR/KONSULTAN/ARSITEK,Multinasional,MOU - Sertipikat Induk,Rumah Tinggal,Sedang dibangun,RED,TIDAK,Ditolak
PENGUSAHA,"Pembelian Baru / Primary, Apartemen Tipe 22 - 70","Plafon (514,750,000 - 894,632,536)",TIDAK JOINT INCOME,TIDAK PISAH HARTA,46 - 55,"Kol 1, Pernah Kol 2 (tidak lebih dari 30 hari) dalam 1 tahun terakhir",Investasi,≥ 5,MENIKAH : ≥RP 20 JUTA,>= 15%,≥ 3X ANGSURAN,≥ 100% DARI OMSET,"> 60 BULAN, ≤ 120 BULAN",>= 15%,Properti/kendaraan >= plafon,Lainnya,CAKUPAN AREA : LOKAL,MOU - Sertipikat Induk,Apartemen,Indent,GREEN,TIDAK,Ditolak
PENGUSAHA,"Pembelian Baru / Primary, Rumah Tinggal Tipe 22 - 70","Plafon (894,632,536 - 1,340,960,436)",JOINT INCOME,TIDAK PISAH HARTA,36 - 45,"Kol 1, Pernah Kol 2 (tidak lebih dari 30 hari) dalam 1 tahun terakhir",RUMAH TINGGAL (RUMAH KE 2/3),"≥ 2, < 5",MENIKAH : ≥RP 20 JUTA,>= 15%,≥ 3X ANGSURAN,≥ 100% DARI OMSET,"> 60 BULAN, ≤ 120 BULAN",>= 15%,DEPOSITO/INVES/EMAS < 50% plafon,Lainnya,CAKUPAN AREA : LOKAL,MOU - Sertipikat Induk,Rumah Tinggal,Indent,GREEN,TIDAK,Ditolak
KARYAWAN,"Pembelian Baru / Primary, Apartemen > Tipe 70","Plafon (894,632,536 - 1,340,960,436)",TIDAK JOINT INCOME,TIDAK PISAH HARTA,36 - 45,"Kol 1, Tidak pernah menunggak",Rumah Tinggal (Rumah ke 1),"≥ 2, < 5",SINGLE : ≥RP 20 JUTA,>= 15%,≥ 3X ANGSURAN,≥ 100% DARI GAJI,> 120 BULAN,>= 15%,50% plafon <= Properti/kendaraan<= 100% plafon,Lainnya,CAKUPAN AREA : LOKAL,MOU - Sertipikat Induk,Apartemen,Sedang dibangun,GREEN,TIDAK,Ditolak
KARYAWAN,"Pembelian Baru / Primary, Rumah Tinggal Tipe 22 - 70","Plafon (894,632,536 - 1,340,960,436)",JOINT INCOME,TIDAK PISAH HARTA,36 - 45,Data Tidak Tersedia,RUMAH TINGGAL (RUMAH KE 2/3),≥ 5,MENIKAH : ≥RP 20 JUTA,>= 15%,"≥ 1X ANGSURAN, < 3X ANGSURAN",≥ 100% DARI GAJI,> 120 BULAN,>= 15%,null < 50% plafon,KONTRAKTOR/KONSULTAN/ARSITEK,CAKUPAN AREA : LOKAL,MOU - Sertipikat Induk,Rumah Tinggal,Indent,GREEN,TIDAK,Ditolak
KARYAWAN,"Pembelian Baru / Primary, Rumah Tinggal Tipe 22 - 70","Plafon (514,750,000 - 894,632,536)",TIDAK JOINT INCOME,TIDAK PISAH HARTA,21 - 35,"Kol 1, Tidak pernah menunggak",RUMAH TINGGAL (RUMAH KE 2/3),≥ 5,"SINGLE : ≥RP 10 JUTA,  <RP 20 JUTA",< 15%,< 1x angsuran,≥ 100% DARI GAJI,> 120 BULAN,< 15%,null < 50% plafon,"Farmasi, kosmetik dan alat kedokteran",Multinasional,MOU - Sertipikat Induk,Rumah Tinggal,Indent,RED,TIDAK,Ditolak
KARYAWAN,"Pembelian Baru / Primary, Rumah Tinggal Tipe 22 - 70","Plafon (894,632,536 - 1,340,960,436)",TIDAK JOINT INCOME,TIDAK PISAH HARTA,21 - 35,"Kol 1, Tidak pernah menunggak",Rumah Tinggal (Rumah ke 1),"≥ 2, < 5","SINGLE : ≥RP 10 JUTA,  <RP 20 JUTA",>= 15%,≥ 3X ANGSURAN,≥ 100% DARI GAJI,> 120 BULAN,>= 15%,DEPOSITO/INVES/EMAS < 50% plafon,Lainnya,Cakupan area : nasional,MOU - Sertipikat Induk,Rumah Tinggal,Sedang dibangun,GREEN,TIDAK,Ditolak
PENGUSAHA,"Pembelian Baru / Primary, Apartemen Tipe 22 - 70","Plafon (< 514,750,000)",TIDAK JOINT INCOME,PISAH HARTA,46 - 55,"Kol 1, Tidak pernah menunggak",Rumah Tinggal (Rumah ke 1),"≥ 2, < 5",MENIKAH : ≥RP 20 JUTA,>= 15%,≥ 3X ANGSURAN,≥ 100% DARI GAJI,"> 60 BULAN, ≤ 120 BULAN",>= 15%,Properti/kendaraan >= plafon,Lainnya,CAKUPAN AREA : LOKAL,MOU - Sertipikat Induk,Apartemen,Sedang dibangun,GREEN,TIDAK,Ditolak
KARYAWAN,"Pembelian Baru / Primary, Apartemen Tipe 22 - 70","Plafon (< 514,750,000)",TIDAK JOINT INCOME,TIDAK PISAH HARTA,36 - 45,"Kol 1, Tidak pernah menunggak",Investasi,"≥ 2, < 5",SINGLE : ≥RP 20 JUTA,>= 15%,≥ 3X ANGSURAN,≥ 100% DARI GAJI,> 120 BULAN,>= 15%,Properti/kendaraan >= plafon,Lainnya,CAKUPAN AREA : LOKAL,MOU - Sertipikat Induk,Apartemen,Sedang dibangun,GREEN,TIDAK,Ditolak
PENGUSAHA,"Pembelian Baru / Primary, Rumah Tinggal > Tipe 70","Plafon (> 1,340,960,436)",TIDAK JOINT INCOME,TIDAK PISAH HARTA,21 - 35,"Kol 1, Pernah Kol 2 (tidak lebih dari 30 hari) dalam 1 tahun terakhir",Rumah Tinggal (Rumah ke 1),"≥ 2, < 5",MENIKAH : ≥RP 20 JUTA,>= 15%,≥ 3X ANGSURAN,"≥ 70%, < 100% DARI OMZET",> 120 BULAN,>= 15%,null < 50% plafon,Lainnya,CAKUPAN AREA : LOKAL,MOU - Sertipikat Induk,Rumah Tinggal,Indent,GREEN,TIDAK,Ditolak
KARYAWAN,"Pembelian Baru / Primary, Apartemen Tipe 22 - 70","Plafon (514,750,000 - 894,632,536)",TIDAK JOINT INCOME,TIDAK PISAH HARTA,21 - 35,"Kol 1, Pernah Kol 3, 4 atau 5",Rumah Tinggal (Rumah ke 1),"≥ 2, < 5",SINGLE : ≥RP 20 JUTA,>= 15%,≥ 3X ANGSURAN,≥ 100% DARI GAJI,> 120 BULAN,>= 15%,Properti/kendaraan < 50% plafon,Lainnya,CAKUPAN AREA : LOKAL,MOU - Sertipikat Induk,Apartemen,Sedang dibangun,GREEN,LAYAK,Ditolak
KARYAWAN,"Pembelian Baru / Primary, Apartemen < Tipe 22","Plafon (< 514,750,000)",TIDAK JOINT INCOME,TIDAK PISAH HARTA,46 - 55,"Kol 3, 4 atau 5",Rumah Tinggal (Rumah ke 1),"≥ 2, < 5","MENIKAH : ≥RP 10 JUTA,  <RP 20 JUTA",< 15%,≥ 3X ANGSURAN,≥ 100% DARI GAJI,"> 60 BULAN, ≤ 120 BULAN",< 15%,Properti/kendaraan >= plafon,Lainnya,CAKUPAN AREA : LOKAL,MOU - Sertipikat Induk,Apartemen,Sedang dibangun,RED,LAYAK,Ditolak
KARYAWAN,"Pembelian Baru / Primary, Rumah Tinggal > Tipe 70","Plafon (514,750,000 - 894,632,536)",TIDAK JOINT INCOME,TIDAK PISAH HARTA,21 - 35,Data Tidak Tersedia,Rumah Tinggal (Rumah ke 1),"≥ 2, < 5","SINGLE : ≥RP 10 JUTA,  <RP 20 JUTA",>= 15%,"≥ 1X ANGSURAN, < 3X ANGSURAN",≥ 100% DARI GAJI,> 120 BULAN,>= 15%,null < 50% plafon,Lainnya,Cakupan area : nasional,"SHM, SERTIPIKAT PECAH",Rumah Tinggal,Sedang dibangun,YELLOW,TIDAK,Ditolak
KARYAWAN,"Pembelian Baru / Primary, Apartemen Tipe 22 - 70","Plafon (514,750,000 - 894,632,536)",TIDAK JOINT INCOME,TIDAK PISAH HARTA,21 - 35,"Kol 1, Pernah Kol 3, 4 atau 5",Rumah Tinggal (Rumah ke 1),≥ 5,"SINGLE : ≥RP 10 JUTA,  <RP 20 JUTA",>= 15%,≥ 3X ANGSURAN,≥ 100% DARI GAJI,> 120 BULAN,>= 15%,Properti/kendaraan < 50% plafon,Lainnya,CAKUPAN AREA : LOKAL,MOU - Sertipikat Induk,Apartemen,Sedang dibangun,GREEN,LAYAK,Ditolak
KARYAWAN,"Pembelian Baru / Primary, Rumah Tinggal > Tipe 70","Plafon (> 1,340,960,436)",TIDAK JOINT INCOME,TIDAK PISAH HARTA,46 - 55,"Kol 1, Pernah Kol 3, 4 atau 5",Rumah Tinggal (Rumah ke 1),≥ 5,MENIKAH : ≥RP 20 JUTA,>= 15%,≥ 3X ANGSURAN,≥ 100% DARI GAJI,> 120 BULAN,>= 15%,null < 50% plafon,"INFORMASI, TELEKOMUNIKASI DAN KOMPUTER",Cakupan area : nasional,MOU - Sertipikat Induk,Rumah Tinggal,Indent,GREEN,TIDAK,Ditolak
KARYAWAN,"Pembelian Baru / Primary, Rumah Tinggal > Tipe 70","Plafon (514,750,000 - 894,632,536)",TIDAK JOINT INCOME,TIDAK PISAH HARTA,21 - 35,"Kol 1, Tidak pernah menunggak",Rumah Tinggal (Rumah ke 1),"≥ 2, < 5",SINGLE : ≥RP 20 JUTA,>= 15%,≥ 3X ANGSURAN,≥ 100% DARI GAJI,> 120 BULAN,>= 15%,Properti/kendaraan < 50% plafon,Lainnya,CAKUPAN AREA : LOKAL,"SHM, SERTIPIKAT PECAH",Rumah Tinggal,Indent,GREEN,TIDAK,Ditolak
KARYAWAN,"Pembelian Baru / Primary, Apartemen < Tipe 22","Plafon (< 514,750,000)",TIDAK JOINT INCOME,TIDAK PISAH HARTA,21 - 35,"Kol 1, Tidak pernah menunggak",Investasi,< 2,MENIKAH : ≥RP 20 JUTA,< 15%,≥ 3X ANGSURAN,≥ 100% DARI GAJI,"> 60 BULAN, ≤ 120 BULAN",< 15%,Properti/kendaraan >= plafon,Lainnya,CAKUPAN AREA : LOKAL,MOU - Sertipikat Induk,Apartemen,Sedang dibangun,RED,LAYAK,Ditolak
KARYAWAN,"Pembelian Baru / Primary, Apartemen < Tipe 22","Plafon (< 514,750,000)",TIDAK JOINT INCOME,TIDAK PISAH HARTA,21 - 35,"Kol 1, Tidak pernah menunggak",Rumah Tinggal (Rumah ke 1),"≥ 2, < 5","SINGLE : ≥RP 6 JUTA, < RP. 10 JUTA",< 15%,≥ 3X ANGSURAN,≥ 100% DARI GAJI,> 120 BULAN,< 15%,Properti/kendaraan < 50% plafon,Lainnya,Public listed,MOU - Sertipikat Induk,Apartemen,Sedang dibangun,RED,LAYAK,Ditolak
KARYAWAN,"Pembelian Baru / Primary, Apartemen < Tipe 22","Plafon (< 514,750,000)",TIDAK JOINT INCOME,TIDAK PISAH HARTA,21 - 35,Kol 2 (tidak lebih dari 30 hari) dalam 1 tahun terakhir,Rumah Tinggal (Rumah ke 1),"≥ 2, < 5","SINGLE : ≥RP 10 JUTA,  <RP 20 JUTA",< 15%,"≥ 1X ANGSURAN, < 3X ANGSURAN",≥ 100% DARI GAJI,> 120 BULAN,< 15%,Properti/kendaraan < 50% plafon,"Keuangan, asuransi, perbankan",Public listed,MOU - Sertipikat Induk,Apartemen,Sedang dibangun,RED,LAYAK,Ditolak
PENGUSAHA,"Pembelian Baru / Primary, Rumah Tinggal Tipe 22 - 70","Plafon (514,750,000 - 894,632,536)",TIDAK JOINT INCOME,TIDAK PISAH HARTA,21 - 35,"Kol 1, Tidak pernah menunggak",Rumah Tinggal (Rumah ke 1),≥ 5,SINGLE : ≥RP 20 JUTA,>= 15%,"≥ 1X ANGSURAN, < 3X ANGSURAN","≥ 70%, < 100% DARI OMZET",> 120 BULAN,>= 15%,DEPOSITO/INVES/EMAS < 50% plafon,Lainnya,CAKUPAN AREA : LOKAL,MOU - Sertipikat Induk,Rumah Tinggal,Indent,GREEN,TIDAK,Ditolak
KARYAWAN,"Pembelian Baru / Primary, Rumah Tinggal > Tipe 70","Plafon (> 1,340,960,436)",JOINT INCOME,TIDAK PISAH HARTA,36 - 45,"Kol 3, 4 atau 5",Rumah Tinggal (Rumah ke 1),"≥ 2, < 5",MENIKAH : ≥RP 20 JUTA,< 15%,≥ 3X ANGSURAN,≥ 100% DARI GAJI,> 120 BULAN,< 15%,null < 50% plafon,Lainnya,CAKUPAN AREA : LOKAL,MOU - Sertipikat Induk,Rumah Tinggal,Indent,RED,LAYAK,Ditolak
KARYAWAN,"Pembelian Baru / Primary, Rumah Tinggal > Tipe 70","Plafon (> 1,340,960,436)",TIDAK JOINT INCOME,TIDAK PISAH HARTA,21 - 35,"Kol 1, Tidak pernah menunggak",Rumah Tinggal (Rumah ke 1),"≥ 2, < 5",SINGLE : ≥RP 20 JUTA,>= 15%,"≥ 1X ANGSURAN, < 3X ANGSURAN",≥ 100% DARI GAJI,"> 60 BULAN, ≤ 120 BULAN",>= 15%,Properti/kendaraan < 50% plafon,"INFORMASI, TELEKOMUNIKASI DAN KOMPUTER",Public listed,MOU - Sertipikat Induk,Rumah Tinggal,Indent,YELLOW,TIDAK,Ditolak
KARYAWAN,"Pembelian Baru / Primary, Rumah Tinggal Tipe 22 - 70","Plafon (< 514,750,000)",JOINT INCOME,TIDAK PISAH HARTA,21 - 35,Data Tidak Tersedia,Rumah Tinggal (Rumah ke 1),≥ 5,"MENIKAH : ≥RP 10 JUTA,  <RP 20 JUTA",>= 15%,< 1x angsuran,≥ 100% DARI GAJI,> 120 BULAN,>= 15%,DEPOSITO/INVES/EMAS < 50% plafon,Lainnya,Multinasional,"SHGB, SERTIPIKAT PECAH",Rumah Tinggal,Indent,GREEN,TIDAK,Ditolak
KARYAWAN,"Pembelian Baru / Primary, Rumah Tinggal Tipe 22 - 70","Plafon (< 514,750,000)",TIDAK JOINT INCOME,TIDAK PISAH HARTA,21 - 35,"Kol 1, Tidak pernah menunggak",Rumah Tinggal (Rumah ke 1),"≥ 2, < 5","SINGLE : ≥RP 6 JUTA, < RP. 10 JUTA",>= 15%,"≥ 1X ANGSURAN, < 3X ANGSURAN",≥ 100% DARI GAJI,> 120 BULAN,>= 15%,DEPOSITO/INVES/EMAS < 50% plafon,Lainnya,CAKUPAN AREA : LOKAL,MOU - Sertipikat Induk,Rumah Tinggal,Indent,YELLOW,TIDAK,Ditolak
PENGUSAHA,"Pembelian Baru / Primary, Ruko / Rukan","Plafon (> 1,340,960,436)",TIDAK JOINT INCOME,PISAH HARTA,56 - 65,"Kol 1, Tidak pernah menunggak",Rumah Tinggal (Rumah ke 1),≥ 5,MENIKAH : ≥RP 20 JUTA,>= 15%,"≥ 1X ANGSURAN, < 3X ANGSURAN",≥ 100% DARI OMSET,≤ 60 BULAN,>= 15%,null < 50% plafon,Lainnya,Multinasional,MOU - Sertipikat Induk,RUKO/RUKAN,Indent,GREEN,TIDAK,Ditolak
KARYAWAN,"Pembelian Baru / Primary, Apartemen Tipe 22 - 70","Plafon (514,750,000 - 894,632,536)",TIDAK JOINT INCOME,TIDAK PISAH HARTA,46 - 55,"Kol 1, Tidak pernah menunggak",Rumah Tinggal (Rumah ke 1),≥ 5,SINGLE : ≥RP 20 JUTA,>= 15%,≥ 3X ANGSURAN,≥ 100% DARI GAJI,"> 60 BULAN, ≤ 120 BULAN",>= 15%,Properti/kendaraan < 50% plafon,"Keuangan, asuransi, perbankan",Cakupan area : nasional,MOU - Sertipikat Induk,Apartemen,Indent,GREEN,TIDAK,Ditolak
